nonperson,author,authorOfColor-manual,auto find,checkedRandomly,,
0,A. E. Van Vogt,0,n,1,,0.076738609
0,A. M. Homes,0,n,1,,
0,Abigail Thomas,0,n,1,,
0,Adam Gamble,0,n,1,,
0,Adolfo Bioy,1,n,1,,
0,Agatha Christie,0,n,1,,
0,akhen osei,0,n,1,,
0,Akhil Sharma,1,n,1,,
0,Alan Brennert,0,n,1,,
0,Alan Davidson,0,n,1,,
0,Alan Ebert,0,n,1,,
0,Alastair Reynolds,0,n,1,,
0,Albert Hofstadter,0,n,1,,
0,Alex Counts,0,n,1,,
0,Alex Kava,0,n,1,,
0,Alexander Maksik,0,n,1,,
0,Alfred Uhry,1,n,1,,
0,Alice Waters,0,n,1,,
0,aliki,1,n,1,,
0,Alma Lutz,0,n,1,,
0,Alvin Toffler,0,n,1,,
1,American Heritage Editors,0,n,1,,
1,American Water Works Association,0,n,1,,
0,Amy Hempel,0,n,1,,
0,Amy Minato,0,n,1,,
0,Ana María Shua,1,n,1,,
0,Andrea Zimmerman,0,n,1,,
0,Andrew Clements,0,n,1,,
0,Andrew Miller,0,n,1,,
0,Angela C. Santomero,1,n,1,,
0,Anita Diamant,0,n,1,,
0,Ann M. Martin,0,n,1,,
0,Ann McGovern,0,n,1,,
0,Ann Patchett,0,n,1,,
0,Ann Rinaldi,0,n,1,,
0,Ann Weil,0,n,1,,
0,Anna Milbourne,0,n,1,,
0,Anne Capeci,0,n,1,,
0,Anne Lindsay Greer,0,n,1,,
0,Anne Mazer,0,n,1,,
0,Anne Millard,0,n,1,,
0,Anne Rice,0,n,1,,
0,Anne Rivers Siddons,0,n,1,,
0,Anonymous,0,n,1,,
0,Antonio J. Hopson,1,n,1,,
0,Antonio Tabucchi,0,n,1,,
0,Apple Jordan,0,n,1,,
0,Aprilynne Pike,0,n,1,,
0,Arnold Bennett,0,n,1,,
0,Arthur Bloch,0,n,1,,
0,Arthur Krystal,0,n,1,,
0,Arthur L. Farnham,0,n,1,,
1,Atkins Health & Medical Information Service,0,n,1,,
0,Atul Kohli,1,n,1,,
0,Audrey Niffenegger,0,n,1,,
0,August Wilson,1,n,1,,
0,Augusta Stevenson,0,n,1,,
0,Avi,0,n,1,,
0,Bailey White,0,n,1,,
0,Barbara Bazaldua,0,n,1,,
0,Barbara Brooks Wallace,0,n,1,,
0,Barbara Hardner,0,n,1,,
0,Barbara W. Tuchman,0,n,1,,
0,Béatrice Fontanel,0,n,1,,
0,Beatrice Trum Hunter,0,n,1,,
0,Béla Zombory-Moldován,0,n,1,,
0,Belva Plain,0,n,1,,
0,Benjamin Elkin,0,n,1,,
0,Benjamin Hoff,0,n,1,,
0,Bernadette Rossetti Shustak,0,n,1,,
0,Bernard Cornwell,0,n,1,,
0,Bernard LeGette,0,n,1,,
0,Bernard Palmer,0,n,1,,
0,Bernie S. Siegel,0,n,1,,
0,Berry Stainback,0,n,1,,
0,Beth Kephart,0,n,1,,
0,Beth Shulman,0,n,1,,
0,Betsy Duffey,0,n,1,,
1,Better Homes and Gardens,0,n,1,,
0,Betty MacDonald,0,n,1,,
0,Bill Henderson,0,n,1,,
0,Bill Morgan,0,n,1,,
0,Bill Peet,0,n,1,,
0,Bin Ramke,0,n,1,,
0,Blaine Brownell,0,n,1,,
0,Bob Lanier,1,n,1,,
0,Bonnie Bryant,0,n,1,,
1,Books Minerva,0,n,1,,
0,Brad Meltzer,0,n,1,,
0,Brad Taylor,0,n,1,,
0,Brenda Novak,0,n,1,,
0,Brennan Manning,0,n,1,,
0,Brian Murphy,0,n,1,,
0,Brinton Turkle,0,n,1,,
0,Bruce Aidells,0,n,1,,
0,Bruce Alexander,0,n,1,,
0,Bruce Coville,0,n,1,,
0,Bruce Hale,0,n,1,,
0,Budoff Matthew,0,n,1,,
0,C. D.B. Bryan,0,n,1,,
0,C. J. Box,0,n,1,,
0,C. Vann Woodward,0,n,1,,
0,Caitlin Moran,0,n,1,,
0,Candace Bushnell,0,n,1,,
0,Carl Bernstein,0,n,1,,
0,"Carl Rogers, Barry Stevens",0,n,1,,
0,Carol Plum-Ucci,0,n,1,,
0,Carol Smith,0,n,1,,
0,Carol Spier,0,n,1,,
0,Carola Lovering,0,n,1,,
0,Carrie Mesrobian,0,n,1,,
0,Casey Treat,0,n,1,,
0,Catherine Anderson,0,n,1,,
0,Catherine Banner,0,n,1,,
0,Catherine Burns,0,n,1,,
0,Catherine Coulter,0,n,1,,
0,Catherine Jinks,0,n,1,,
0,Catherine Revland,0,n,1,,
0,Cathie Linz,0,n,1,,
0,Cathleen Schine,0,n,1,,
0,Cathy Fink,0,n,1,,
0,Cecile Richards,0,n,1,,
0,Cecile Schoberle,0,n,1,,
0,Cecily Von,0,n,1,,
0,Chani Lynn Feener,0,n,1,,
0,Charles Frazier,0,n,1,,
0,Charles Palliser,0,n,1,,
0,Charles Schwab,0,n,1,,
0,Charles Todd,0,n,1,,
0,Charles Webb,0,n,1,,
0,Chʻêng-chi Chang,1,n,1,,
0,Cherie Burns,0,n,1,,
0,Cheryl Dellasega,0,n,1,,
0,Christine Zuchora-Walske,0,n,1,,
0,Christoper Kendris,0,n,1,,
0,Claire R. McDougall,0,n,1,,
0,Clare Darcy,0,n,1,,
0,Claude M. Bristol,0,n,1,,
0,Colin Pyle,0,n,1,,
0,Colin Woodard,0,n,1,,
0,Colleen O'Shaughnessy McKenna,0,n,1,,
0,Craig Dorfman,0,n,1,,
0,Craig Thomas,0,n,1,,
0,Curtis Sittenfeld,0,n,1,,
0,Cynthia Bond,1,n,1,,
0,Cynthia Harrod-Eagles,0,n,1,,
0,D U Okonkwo,1,n,1,,
0,D. W. Lucas,0,n,1,,
0,Dale Brown,0,n,1,,
0,Dan Gutman,0,n,1,,
0,Dan Simmons,0,n,1,,
0,Dana Bruce,0,n,1,,
0,Daphne de Marneffe,0,n,1,,
0,Daphne Du Maurier,0,n,1,,
0,Darwin Porter,0,n,1,,
0,Dave Sloan,0,n,1,,
0,Dave Zeltserman,0,n,1,,
0,David Baldacci,0,n,1,,
0,David Brewster,0,n,1,,
0,David Drake,0,n,1,,
0,David Ellwand,0,n,1,,
0,David Frazier,0,n,1,,
0,David Gurr,0,n,1,,
0,David H. Albert,0,n,1,,
0,David Hogg,0,n,1,,
0,David Levithan,0,n,1,,
0,David Lewman,0,n,1,,
0,David Lodge,0,n,1,,
0,David Mamet,0,n,1,,
0,David Rosenfelt,0,n,1,,
0,David Sedaris,0,n,1,,
0,Dayal Kaur Khalsa,0,n,1,,
0,Dean Hamer,0,n,1,,
0,Debbie Dadey,0,n,1,,
0,Debbie Ford,0,n,1,,
0,Debbie Macomber,0,n,1,,
0,Deborah Garrison,0,n,1,,
0,Deborah Muller Price,0,n,1,,
0,Deborah Tannen,0,n,1,,
0,Dennis L. McKiernan,0,n,0,,
0,Dennis Lehane,0,n,0,,
0,Desiree Hartsock,0,n,0,,
0,Dian Curtis Regan,0,n,0,,
0,Diana Palmer,0,n,0,,
0,Diane Noble,0,n,0,,
0,Diane Ryan,0,n,0,,
0,Diane Warner,0,n,0,,
0,Dick Couch,0,n,0,,
1,Disney,0,n,0,,
1,DK,0,n,0,,
0,Dominick Dunne,0,n,0,,
0,Don Freeman,0,n,0,,
0,Don Winslow,0,n,0,,
0,Donna Leon,0,n,0,,
0,Donna Strother Deekens,0,n,0,,
0,Dorothy Allison,0,n,0,,
0,Dorothy Cork,0,n,0,,
0,Dorothy Dunnett,0,n,0,,
0,Dorothy R. Bates,0,n,0,,
0,Doug Dollemore,0,n,0,,
0,Douglas Wile,0,n,0,,
0,Dr. Leonard Coldwell,0,n,0,,
0,Dunya Dianne McPherson,0,n,0,,
0,E. Bradford Burns,0,n,0,,
0,E. Denis Wilson,0,n,0,,
0,E. L. Konigsburg,0,n,0,,
0,Edgar Rice Burroughs,0,n,0,,
0,Edith Sergran,0,n,0,,
1,Editors of Publications International,0,n,0,,
0,Edmond J. Mongeon,0,n,0,,
0,Edmund S. Morgan,0,n,0,,
0,Edward Abbey,0,n,0,,
0,Edward M. Hallowell,0,n,0,,
0,Edward Rutherfurd,0,n,0,,
0,Eiji Yoshikawa,1,n,0,,
0,Elena Louise Richmond,0,n,0,,
0,Eli Powell,0,n,0,,
0,Elin Hilderbrand,0,n,0,,
0,Elizabeth George,0,n,0,,
0,Elizabeth Moon,0,n,0,,
0,Elizabeth Peters,0,n,0,,
0,Elizabeth R Cregan,0,n,0,,
0,Elle Kennedy,0,n,0,,
0,Ellen Datlow,0,n,0,,
0,Ellen Forney,0,n,0,,
0,Ellen Hopkins,0,n,0,,
0,Ellen Raskin,0,n,0,,
0,Ellen Wilson,0,n,0,,
0,Ellery Queen,0,n,0,,
0,Ellis Peters,0,n,0,,
0,Eloise Wilkin,0,n,0,,
0,Elsa Petersen-Schepelern,0,n,0,,
0,Elvin McDonald,0,n,0,,
0,Emily Bronte,0,n,0,,
0,Emily Giffin,0,n,0,,
0,Emily Liebert,0,n,0,,
0,Emily Rodda,0,n,0,,
0,Enrique Vila-Matas,0,n,0,,
0,Eric Hill,0,n,0,,
0,Eric Van Lustbader,0,n,0,,
0,Eric Worre,0,n,0,,
0,Ernest Samuels,0,n,0,,
0,Ernst Weiss,0,n,0,,
0,"Eugene Lederer, William Burdick",0,n,0,,
0,Eva Ibbotson,0,n,0,,
0,Evan Goldstein,0,n,0,,
0,Evelyn Vaughn,0,n,0,,
0,Evelyn Waugh,0,n,0,,
0,Fakegrimlock,0,n,0,,
0,Fannie Merritt Farmer,0,n,0,,
0,Fern Michaels,0,n,0,,
0,Fiona Watt,0,n,0,,
0,Fleur Jaeggy,0,n,0,,
0,Frances Hardinge,0,n,0,,
0,Frederick D. Huebner,0,n,0,,
0,G. K. Chesterton,0,n,0,,
0,Gail Tsukiyama,1,n,0,,
0,George E. Dvorchak,0,n,0,,
0,George R. R. Martin,0,n,0,,
0,George S. Kaufman,0,n,0,,
0,George Tenet,0,n,0,,
0,Gerald McDermott,0,n,0,,
0,Gertrude Chandler Warner,0,n,0,,
0,Golden Books,0,n,0,,
0,Gordon Lish,0,n,0,,
0,Grace Windsor,0,n,0,,
0,Grant Cogswell,0,n,0,,
0,Great Source,0,n,0,,
0,Greg Alexander,0,n,0,,
0,Greg Bell,1,n,0,,
0,Greg Egan,0,n,0,,
0,Greg Mortenson,0,n,0,,
0,Gregg Olsen,0,n,0,,
0,Harriet Ziefert,0,n,0,,
0,Harrison Edward Livingstone,0,n,0,,
0,Harry Mark Petrakis,0,n,0,,
0,Harvey Karp,0,n,0,,
0,Hazel Gaynor,0,n,0,,
0,Heidi Murkoff,0,n,0,,
0,Helen Fielding,0,n,0,,
0,Helen Oxenbury,0,n,0,,
0,Helene Tursten,0,n,0,,
0,Henrik Ibsen,0,n,0,,
0,Henry David Thoreau,0,n,0,,
0,Henry Roth,0,n,0,,
0,Henry Sutton,0,n,0,,
0,Hilary Mantel,0,n,0,,
0,Hilary More,0,n,0,,
0,"Hollis Hodges, Loup Durand, Elliott Roosevelt Henry Denker",0,n,0,,
0,Horatio Castellanos Moya,1,n,0,,
0,Houghton Mifflin,0,n,0,,
0,HsuÌˆan Hua,1,n,0,,
0,Human Rights Watch,0,n,0,,
0,Huvell Edwards,0,n,0,,
0,Hyperion,0,n,0,,
0,Idalia Rosario,1,n,0,,
0,Ignacio Manuel Altamirano,1,n,0,,
0,"Iii, Brandford",0,n,0,,
0,Ingrid Roper,0,n,0,,
1,Instant Maxwell House Coffee,0,n,0,,
0,Ismail Kadare,0,n,0,,
0,Ivan Doig,0,n,0,,
0,J. D. Robb,0,n,0,,
0,J. P. Monninger,0,n,0,,
0,J. W. Powell,0,n,0,,
0,J.R.R. Tolkien,0,n,0,,
0,Jack Clifford Smith,0,n,0,,
0,Jack Gantos,0,n,0,,
0,Jack Otten,0,n,0,,
0,Jacqueline Saulnier,0,n,0,,
0,Jacqueline Wilson,0,n,0,,
0,James Anderson,0,n,0,,
0,James Axler,0,n,0,,
0,James Beard,0,n,0,,
0,James Grady,0,n,0,,
0,James Gregor,0,n,0,,
0,James Rollins,0,n,0,,
0,Jamie Gilson,0,n,0,,
0,Jamie Langston Turner,0,n,0,,
0,Jan Pfloog,0,n,0,,
0,Jan Steinbright,0,n,0,,
0,Jane Austen,0,n,0,,
0,Jane Chapman,0,n,0,,
0,Jane Werner Watson,0,n,0,,
0,Janet Lee Carey,0,n,0,,
0,Janet Stevens,0,n,0,,
0,Jayne Castle,0,n,0,,
0,Jeanette Winterson,0,n,0,,
0,Jeanne Willis,0,n,0,,
0,jeannette brown mackenzie,0,n,0,,
0,Jeannette Walls,0,n,0,,
0,Jeff Johnson,0,n,0,,
0,Jeff Stone,0,n,0,,
0,Jeffrey Archer,0,n,0,,
0,Jennifer Morey,0,n,0,,
0,Jennifer Pullen,0,n,0,,
0,Jenny Nimmo,0,n,0,,
0,Jeremiah Healy,0,n,0,,
0,Jerome Stern,0,n,0,,
0,Jerry Allan,0,n,0,,
0,Jerry Frissen,0,n,0,,
0,Jess Stein,0,n,0,,
0,Jill Lauren,0,n,0,,
0,Jill Rappaport,0,n,0,,
0,Jim Erskine,0,n,0,,
0,Jim Lynch,0,n,0,,
0,Jim Petersen,0,n,0,,
0,Jim Thomas,0,n,0,,
0,Joan Carris,0,n,0,,
0,Joan Holub,0,n,0,,
0,Joan Wellman,0,n,0,,
0,JoAnn Ross,0,n,0,,
0,Joanne Fluke,0,n,0,,
0,Joao Ubaldo Ribeiro,1,n,0,,
0,Jodi Kantor,0,n,0,,
0,Joe Cummings,0,n,0,,
0,Joe Gores,0,n,0,,
0,Joe Troiano,0,n,0,,
0,Johanna Van Der Bruggen,0,n,0,,
0,John Baur,0,n,0,,
0,John Berendt,0,n,0,,
0,John Boothroyd,0,n,0,,
0,John Brunner,0,n,0,,
0,John Calvin Batchelor,0,n,0,,
0,John D. MacDonald,0,n,0,,
0,John E. Douglas,0,n,0,,
0,John E. Fitch,0,n,0,,
0,John Flanagan,0,n,0,,
0,John Gray,0,n,0,,
0,John Irving,0,n,0,,
0,John Le Carré,0,n,0,,
0,John Lescroart,0,n,0,,
0,John Louis Feirer,0,n,0,,
0,John Medina,0,n,0,,
0,John Steakley,0,n,0,,
0,John Updike,0,n,0,,
0,John Van de Ruit,0,n,0,,
0,John Wood,0,n,0,,
0,Jon Steele,0,n,0,,
0,Jon Stewart,0,n,0,,
0,Jonathan Rabb,0,n,0,,
0,Jose Saramago,0,n,0,,
0,Joseph J. Andrade,0,n,0,,
0,Joseph Kanon,0,n,0,,
0,Joseph T. Catalano,0,n,0,,
0,Josie Dew,0,n,0,,
0,Joy Richardson,0,n,0,,
0,Joyce Brothers,0,n,0,,
0,Joyce Carol Oates,0,n,0,,
0,Joyce McDonald,0,n,0,,
0,Jude Watson,0,n,0,,
0,Judi Barrett,0,n,0,,
0,Judith McNaught,0,n,0,,
0,Judith Viorst,0,n,0,,
0,Judy Donnelly,0,n,0,,
0,Judy Glattstein,0,n,0,,
0,Judy Van der Veer,0,n,0,,
0,Juli Brenning,0,n,0,,
0,Julia A Kittross,0,n,0,,
0,Julian Bell,0,n,0,,
0,Julian Calder,0,n,0,,
0,Julie Aigner-Clark,0,n,0,,
0,Julie Andrews Edwards,0,n,0,,
0,Juliet Marillier,0,n,0,,
0,Julius Caesar,0,n,0,,
0,June Lewis Shore,0,n,0,,
0,Justine Korman,0,n,0,,
0,K.R. Abhisheck,1,n,0,,
0,Karen Cleveland,0,n,0,,
0,Karen Dolby,0,n,0,,
0,Karen Katz,0,n,0,,
0,Karen Kaufman,0,n,0,,
0,Kate Wilhelm,0,n,0,,
0,Kathleen Duey,0,n,0,,
0,Kathleen Huggins,0,n,0,,
0,Katz,0,n,0,,
0,Kay Baxter,0,n,0,,
0,Kay Thompson,0,n,0,,
0,Kazimierz Brandys,0,n,0,,
0,Kei Toume,1,n,0,,
0,Kelly M Vlcek,0,n,0,,
0,Ken Armstrong,0,n,0,,
0,Ken Follett,0,n,0,,
0,Kenneth K. Guilmartin,0,n,0,,
0,Kenneth Thomasma,0,n,0,,
0,Kent Wascom,0,n,0,,
0,Kevin Lewis,1,n,0,,
0,Kim Vogel Sawyer,0,n,0,,
0,Kimberla Lawson Roby,1,n,0,,
0,Kirk Marshall,0,n,0,,
0,"Knox Williams, Betsy Armstrong",0,n,0,,
0,Komaiko,0,n,0,,
0,Krista Davis,0,n,0,,
0,Kristen L. Depken,0,n,0,,
0,L. M. Montgomery,0,n,0,,
0,L. Sprague De Camp,0,n,0,,
0,Lao Tzu,1,n,0,,
0,Laura Ingalls Wilder,0,n,0,,
0,Laura Lee Hope,0,n,0,,
0,Laura Shovan,0,n,0,,
0,Lauren Groff,0,n,0,,
0,Laurie Isop,0,n,0,,
0,Lawrence Block,0,n,0,,
0,Leila Guerriero,1,n,0,,
0,Len Deighton,0,n,0,,
0,Leo Marks,0,n,0,,
0,Leslie Glass,0,n,0,,
0,Lex Williford,0,n,0,,
0,Liane Moriarty,0,n,0,,
0,Linda Buckley-Archer,0,n,0,,
0,Linda Greenlaw,0,n,0,,
0,Linda Howard,0,n,0,,
0,Linda J. Murray,0,n,0,,
0,Linda Johns,0,n,0,,
0,Linda Lael Miller,0,n,0,,
0,Linda Olsson,0,n,0,,
0,Linda Wagner Tyler,0,n,0,,
0,Lisa Kleypas,0,n,0,,
0,Lisa Rofel,0,n,0,,
0,Lisa Scottoline,0,n,0,,
0,Lisa Yee,1,n,0,,
0,Lisa Yockelson,0,n,0,,
0,Liz Kessler,0,n,0,,
0,Liza Alexander,0,n,0,,
0,Lois Duncan,0,n,0,,
0,Lois Lowry,0,n,0,,
0,Lojze Kovacic,0,n,0,,
0,Lorelei James,0,n,0,,
0,Lorna Landvik,0,n,0,,
0,Lorrie Moore,0,n,0,,
0,Louis Sachar,0,n,0,,
0,Louise Kennedy,0,n,0,,
0,Lucy Jane Bledsoe,0,n,0,,
0,Lydia Child,0,n,0,,
0,Lynda La,0,n,0,,
0,Lynn Mason,0,n,0,,
0,Lynne Vogel,0,n,0,,
0,Lynsay Sands,0,n,0,,
0,Mac Davis,0,n,0,,
0,Madeleine Albright,0,n,0,,
1,Magazine Editors of Time,0,n,0,,
0,Maisey Yates,0,n,0,,
0,Manuel Puig,0,n,0,,
0,Marc Benioff,0,n,0,,
0,Marc Brown,0,n,0,,
0,Marc Cerasini,0,n,0,,
0,Marc Kornblatt,0,n,0,,
0,Margaret Wise Brown,0,n,0,,
0,Marge Piercy,0,n,0,,
0,Margery Allingham,0,n,0,,
0,Marian Potter,0,n,0,,
0,Marianne Berkes,0,n,0,,
0,Marilyn Reynolds,0,n,0,,
0,Marion Coste,0,n,0,,
0,Marion Dane Bauer,0,n,0,,
0,Marissa Meyer,0,n,0,,
0,Marius Gabriel,0,n,0,,
0,Marjorie Weinman Sharmat,0,n,0,,
0,Mark Johnson,0,n,0,,
0,Mark Nepo,0,n,0,,
0,Marshall H. Klaus,0,n,0,,
0,Martin Cruz Smith,0,n,0,,
0,Martin Handford,0,n,0,,
0,Martin Henry,0,n,0,,
0,Martin Yan,1,n,0,,
0,Marty Wingate,0,n,0,,
0,Mary Alice Jones,0,n,0,,
0,Mary Alice Monroe,0,n,0,,
0,Maryana Vollstedt,0,n,0,,
0,Matthew Quick,0,n,0,,
0,Maurice Sendak,0,n,0,,
0,Maurizio De Giovanni,0,n,0,,
0,Maury Allen,0,n,0,,
0,Mawi Asgedom,1,n,0,,
0,Meg Keene,0,n,0,,
0,Megan McDonald,0,n,0,,
0,Melanie Paine,0,n,0,,
0,Melissa Lagonegro,0,n,0,,
0,Mercedes Lackey,0,n,0,,
0,Michael Connelly,0,n,0,,
0,Michael Cunningham,0,n,0,,
0,Michael Hingson,0,n,0,,
0,Michael J. Fox,0,n,0,,
0,Michael Pollan,0,n,0,,
0,Michael S. Reynolds,0,n,0,,
0,Michael Shaara,0,n,0,,
0,Michael T. Murray,0,n,0,,
0,Michelle Spring,0,n,0,,
0,Michiko Saito,1,n,0,,
0,Mick Farren,0,n,0,,
0,Midge Raymond,0,n,0,,
0,Mike Lofgren,0,n,0,,
0,Mike Stensvoid,0,n,0,,
0,Molly Bloom,0,n,0,,
0,Myla Goldberg,0,n,0,,
0,Myles J Schneider,0,n,0,,
0,Najīb Maḥfūẓ,1,n,0,,
0,Nancy Atherton,0,n,0,,
0,Nancy Garden,0,n,0,,
0,Nancy L. Mace,0,n,0,,
0,Natalie Standiford,0,n,0,,
0,Nathaniel Hawthorne,0,n,0,,
1,National Geographic Learning,0,n,0,,
0,National Presto,0,n,0,,
0,Neal Thompson,0,n,0,,
0,Ngaio Marsh,0,n,0,,
1,Nickelodeon,0,n,0,,
0,Nicole Mones,0,n,0,,
0,Nora Roberts,0,n,0,,
0,Norah McClintock,0,n,0,,
0,Norm Stamper,0,n,0,,
0,Norman Bridwell,0,n,0,,
0,Olive Ann Burns,0,n,0,,
0,Ono no Komachi,1,n,0,,
0,Oriol Vidal,0,n,0,,
0,Pam Grossman,0,n,0,,
0,Par.H.Martin,0,n,0,,
1,Parents Magazine play,0,n,0,,
0,Parnell Hall,0,n,0,,
0,Patric Kuh,0,n,0,,
0,Patricia MacLachlan,0,n,0,,
0,Patricia Moyes,0,n,0,,
0,Patricia Reilly Giff,0,n,0,,
0,Patrick Carman,0,n,0,,
0,Patrick Skene Catling,0,n,0,,
0,Paul Cheremisinoff,0,n,0,,
0,Paul Fleischman,0,n,0,,
0,Paul Murray,0,n,0,,
0,Paul Myers,0,n,0,,
0,Paul Parker,0,n,0,,
0,Paul Selig,0,n,0,,
0,Paula Fox,0,n,0,,
0,Paula Harrison,0,n,0,,
0,Peggy DesAutels,0,n,0,,
0,Pema Chödrön,0,n,0,,
0,Pete Hamill,0,n,0,,
0,Peter Corris,0,n,0,,
0,Peter Pezzelli,0,n,0,,
0,Peter Stafford Carey,0,n,0,,
0,Phil Pepe,0,n,0,,
0,Philippa Gregory,0,n,0,,
0,Phillip Margolin,0,n,0,,
0,Phineas Mollod,0,n,0,,
0,Phyllis A. Whitney,0,n,0,,
0,Pierre Bayard,0,n,0,,
0,Piers Anthony,0,n,0,,
1,Pittsburg Cultural Trust,0,n,0,,
0,Poppy Bloom,0,n,0,,
1,Popular Book Company Limited,0,n,0,,
0,Prapas Cholsaranon,1,n,0,,
1,Preschool Prep Company,0,n,0,,
0,Queen Noor,0,n,0,,
0,r s yeoman,0,n,0,,
0,R. K. Narayan,1,n,0,,
0,R. L. Stine,0,n,0,,
0,Rabee Jaber,1,n,0,,
0,Rachel Monroe,0,n,0,,
0,Radhika Sanghani,1,n,0,,
0,Randall Howard Ghent,0,n,0,,
0,Ray Bradbury,0,n,0,,
0,Rayford Clayton Reddell,0,n,0,,
0,Raymond Roussel,0,n,0,,
0,Reg Down,0,n,0,,
0,Reginald McKnight,1,n,0,,
0,Rene Goscinny,0,n,0,,
0,Rev. W. Awdry,0,n,0,,
0,Reza Aslan,1,n,0,,
1,RH Disney,0,n,0,,
0,Rhea Tregebov,0,n,0,,
0,Rhys Bowen,0,n,0,,
0,Rich Shapero,0,n,0,,
0,Richard Carlson,0,n,0,,
0,Richard Clarke,0,n,0,,
0,Richard Ford,0,n,0,,
0,Richard L. Brandt,0,n,0,,
0,Richard Nixon,0,n,0,,
0,Richard Van Camp,0,n,0,,
0,Richard Wagamese,1,n,0,,
0,Richard. J. Foster,0,n,0,,
0,Roald Dahl,0,n,0,,
0,Rob Scotton,0,n,0,,
0,Robert Galbraith,0,n,0,,
0,Robert Grossbach,0,n,0,,
0,Robert Jordan,0,n,0,,
0,Robert Kinerk,0,n,0,,
0,Robert Newton Peck,0,n,0,,
0,Roberta Grobel Intrater,0,n,0,,
0,Robin McKinley,0,n,0,,
0,Roland Smith,0,n,0,,
0,Ronald J. Glasser,0,n,0,,
0,Ronald Squibb,0,n,0,,
0,Ronald Steel,0,n,0,,
0,Ronald Wright,0,n,0,,
0,Ross Campbell,0,n,0,,
0,Ross Terrill,0,n,0,,
0,Russell Miller,0,n,0,,
0,Sallie Lowenstein,0,n,0,,
0,Sally Rippin,0,n,0,,
0,Sally-Lloyd-Jones,0,n,0,,
0,Sam Swope,0,n,0,,
0,Samuel R. Chand,1,n,0,,
0,Sandee Hathaway,0,n,0,,
0,Sandip Roy,1,n,0,,
0,Sandra Brown,0,n,0,,
0,Sara Paretsky,0,n,0,,
0,Sara Zarr,0,n,0,,
0,Sarah Helm,0,n,0,,
0,Sarah Schulman,0,n,0,,
0,Saroo Brierley,1,n,0,,
0,Saul Bellow,0,n,0,,
1,Scala Publishers,0,n,0,,
0,Scholastique Mukasonga,1,n,0,,
0,Seanan McGuire,0,n,0,,
0,Shannon Hale,0,n,0,,
0,Shari–Lapeña,0,n,0,,
0,Sharon Creech,0,n,0,,
0,Sharon Nastick,0,n,0,,
0,Sheldon Rampton,0,n,0,,
0,Sheri Amsel,0,n,0,,
0,Sherrilyn Kenyon,0,n,0,,
0,Sherry Shahan,0,n,0,,
0,Sherwood Anderson,0,n,0,,
0,Shirley MacLaine,0,n,0,,
0,Simon Beecroft,0,n,0,,
0,Simon Goldhill,0,n,0,,
1,Singer,0,n,0,,
0,Siter Vera Gallagher,0,n,0,,
0,"Sneed B. Collard III, Steve Jenkins",0,n,0,,
0,Sonali Fry,1,n,0,,
0,Sophie Boswell,0,n,0,,
0,Sophocles,0,n,0,,
0,Spike Milligan,0,n,0,,
0,Spindler,0,n,0,,
1,Sporting News,0,n,0,,
0,Stan Berenstain,0,n,0,,
0,Stanley Crawford,0,n,0,,
0,Stanley Newman,0,n,0,,
0,Stef Penney,0,n,0,,
0,Stephanie Claire,0,n,0,,
0,Stephanie Tolan,0,n,0,,
0,Stephanie Weeks,0,n,0,,
0,Stephen Clarke,0,n,0,,
0,Stephenie Meyer,0,n,0,,
0,Steve Martini,0,n,0,,
0,Steven Tyler,0,n,0,,
0,Stuart M. Kaminsky,0,n,0,,
0,Stuart Woods,0,n,0,,
0,Sue Grafton,0,n,0,,
0,Sue Harrison,0,n,0,,
0,Sue Henry,0,n,0,,
0,Sue Stanton,0,n,0,,
0,Sunset Book Editors,0,n,0,,
1,Sunset Books,0,n,0,,
0,Susan Au,0,n,0,,
0,Susan Hayward,0,n,0,,
0,Susan L Reynolds,0,n,0,,
0,Susan Sly,0,n,0,,
0,Suzanne Collins,0,n,0,,
0,Suzanne Francis,0,n,0,,
0,Suzanne Selfors,0,n,0,,
0,Suzanne Tate,0,n,0,,
0,Svetlana Alexievich,0,n,0,,
0,Swami Muktananda,1,n,0,,
0,"Swami Prabhavananda, Christopher Isherwood",1,n,0,,
0,Tariq Ali,1,n,0,,
0,Taryn Souders,0,n,0,,
0,Ted Dekker,0,n,0,,
0,Teddy Slater,0,n,0,,
0,Terry Harknett,0,n,0,,
1,The Clever Factory,0,n,0,,
1,The Editors of Eastman Kodak Company,0,n,0,,
0,Thomas L. Friedman,0,n,0,,
0,Thomas Macri,0,n,0,,
0,Thomas Mann,0,n,0,,
0,Thomas Nelson,0,n,0,,
0,Thomas Orton,0,n,0,,
0,Tim Federle,0,n,0,,
0,Tim Schenck,0,n,0,,
0,Tim Wu,1,n,0,,
0,Todd Strasser,0,n,0,,
0,Tom McAllister,0,n,0,,
0,Tomie DePaola,0,n,0,,
0,Tori Haring-Smith,0,n,0,,
0,Tosha Silver,0,n,0,,
0,Tracey West,0,n,0,,
0,Trish Hart,0,n,0,,
0,Umberto Saba,0,n,0,,
0,unknown,0,n,0,,
0,V. S. Naipaul,1,n,0,,
0,Valentine M. Moghadam,0,n,0,,
0,Valerie Tripp,0,n,0,,
0,Varios,0,n,0,,
0,Vera B Williams,0,n,0,,
0,Veronica Roth,0,n,0,,
0,Vicki Lansky,0,n,0,,
0,Vince Lombardi,0,n,0,,
0,Virginia Henley,0,n,0,,
0,Virginia Reynolds,0,n,0,,
0,W. P. Kinsella,0,n,0,,
0,W.E.B. Griffin,0,n,0,,
0,Waldock,0,n,0,,
0,Wallace Stegner,0,n,0,,
0,Wally Lamb,0,n,0,,
0,Walter Farley,0,n,0,,
0,Walter M. Miller Jr.,0,n,0,,
0,Walter Wick,0,n,0,,
0,Ward Just,0,n,0,,
0,Watson-Guptill,0,n,0,,
0,Watty Piper,0,n,0,,
0,Wendy R. Sherman,0,n,0,,
0,Wilbur Smith,0,n,0,,
0,William Joyce,0,n,0,,
0,William L. Ury,0,n,0,,
0,William Manchester,0,n,0,,
0,William P. Young,0,n,0,,
0,William Sears,0,n,0,,
0,Yanik Silver,0,n,0,,
0,Yann Martel,0,n,0,,
0,Zane Grey,0,n,0,,
0,Adam Silvera,1,y,1,,
0,Amy Tan,1,y,1,,
0,Edwidge Danticat,1,y,0,,
0,Isabel Allende,1,y,0,,
0,Ishmael Beah,1,y,0,,
0,Jhumpa Lahiri,1,y,0,,
0,Laurence Yep,1,y,0,,
0,Nicole Krauss,1,y,0,,
0,Roxane Gay,1,y,0,,
0,Sherman Alexie,1,y,0,,
0,Yaa Gyasi,1,y,0,,
0,Adriana Trigiani,0,n,1,,
0,Alan Furst,0,n,1,,
0,Alexander McCall Smith,0,n,1,,
0,Anne Wilson,0,n,1,,
0,Anthony Horowitz,0,n,1,,
0,Barbara Kingsolver,0,n,1,,
0,Barbara Taylor Bradford,0,n,1,,
0,Beverly Cleary,0,n,1,,
0,Bill Bryson,0,n,1,,
0,C. S. Lewis,0,n,1,,
0,Carolyn Hart,0,n,1,,
0,Charles M. Schulz,0,n,1,,
0,Christopher Paolini,0,n,1,,
0,Clive Cussler,0,n,1,,
0,Dan Brown,0,n,1,,
0,Danielle Steel,0,n,1,,
0,David E. Brown,0,n,1,,
0,Dean Koontz,0,n,1,,
0,Diane Mott Davidson,0,n,0,,
0,Dick Francis,0,n,0,,
0,Disney Book Group,0,n,0,,
0,Eric Carle,0,n,0,,
0,Ernest Hemingway,0,n,0,,
0,Frank Asch,0,n,0,,
0,Frank Beddor,0,n,0,,
0,Frank Herbert,0,n,0,,
0,Geronimo Stilton,0,n,0,,
0,Harlan Coben,0,n,0,,
0,Hugh Lofting,0,n,0,,
0,Isaac Asimov,0,n,0,,
0,J. A. Jance,0,n,0,,
0,James A. Michener,0,n,0,,
0,James Bastien,0,n,0,,
0,James Dean,0,n,0,,
0,James Kochalka,0,n,0,,
0,James Patterson,0,n,0,,
0,Jane Green,0,n,0,,
0,Janet Evanovich,0,n,0,,
0,Jeff Smith,0,n,0,,
0,Jeffery Deaver,0,n,0,,
0,Jodi Picoult,0,n,0,,
0,John Grisham,0,n,0,,
0,John Marco,0,n,0,,
0,Jonathan Kellerman,0,n,0,,
0,Judy Blume,0,n,0,,
0,Kathleen Grissom,0,n,0,,
0,Kathy Reichs,0,n,0,,
0,Koneman,0,n,0,,
0,L. E. Modesitt Jr.,0,n,0,,
0,Laura Numeroff,0,n,0,,
0,Laurie R. King,0,n,0,,
0,Linda Fairstein,0,n,0,,
0,Louis L'Amour,0,n,0,,
0,Luanne Rice,0,n,0,,
0,Maharishi Sadasiva Isham,0,n,0,,
0,Marguerite Henry,0,n,0,,
0,Mary Daheim,0,n,0,,
0,Mary Higgins Clark,0,n,0,,
0,Mary Pope Osborne,0,n,0,,
0,Master Hsuan Hua,1,n,0,,
0,Michael Crichton,0,n,0,,
0,null,0,n,0,,
0,Orson Scott Card,0,n,0,,
0,Patricia Cornwell,0,n,0,,
0,Penny Simkin,0,n,0,,
0,Peter Robinson,0,n,0,,
0,R. Garcia y Robertson,0,n,0,,
0,Rachel Renée Russell,1,n,0,,
0,Rick Riordan,0,n,0,,
0,Ridley Pearson,0,n,0,,
0,Robert Graves,0,n,0,,
0,Robin Cook,0,n,0,,
0,Robyn Carr,0,n,0,,
0,Ross Macdonald,0,n,0,,
0,Sandra Boynton,0,n,0,,
0,Scott Foresman,0,n,0,,
0,Sidney Sheldon,0,n,0,,
0,Stephen King,0,n,0,,
0,Stieg Larsson,0,n,0,,
0,Stuart Shotwell,0,n,0,,
0,Susan Mallery,0,n,0,,
0,Suzy Kline,0,n,0,,
0,Tess Gerritsen,1,n,0,,
0,Tom Clancy,0,n,0,,
0,W. Somerset Maugham,0,n,0,,
0,Wendy Mass,0,n,0,,
