yrpub,count,authorOfColor,nonPersonAuthor,neighborhood,collection,type,age,category1,category2,languages,originalLang
2004,1,0,1,Montlake,Montlake5,Nonfiction,Adult,Self Help/Health,Null,English,English
1984,1,0,1,Northgate,Northgate3,Nonfiction,Adult,Crafts,Null,English,English
2012,1,0,0,Northgate,Northgate3,Fiction,Childrens,Null,Null,English,English
1967,1,0,0,Phinney-Greenwood,Phinney-Green2,Nonfiction,Adult,Self Help/Health,Null,English,
1984,1,0,0,Phinney-Greenwood,Phinney-Green3,Nonfiction,Adult,History,Null,English,English
1970,1,1,0,Northgate,Northgate2,Nonfiction,Adult,Religion,Null,,
1964,1,0,1,Northgate,Northgate4,Nonfiction,Childrens,Null,Null,English,
2000,1,0,0,Northgate,Northgate1,Nonfiction,Childrens,Null,Null,English,English
2005,1,0,1,Phinney-Greenwood,Phinney-Green3,Nonfiction,Childrens,Null,Null,English,English
1970,1,0,0,Northgate,Northgate3,Fiction,Adult,Novel,Null,English,
1998,1,0,0,Northgate,Northgate3,Fiction,Adult,SciFi/Fantasy,Null,English,English
1995,1,0,0,Northgate,Northgate3,Fiction,Adult,SciFi/Fantasy,Null,English,English
1975,1,0,0,Phinney-Greenwood,Phinney-Green3,Nonfiction,Adult,History,Null,English,
1983,1,0,1,Montlake,Montlake4,Nonfiction,Adult,Art,Null,English,English
1989,1,0,0,Central District,CentralDistrict2,Fiction,Adult,Anthology/Essays/Short stories,Null,English,
2014,1,0,1,Queen Anne,QueenAnne3,Fiction,Childrens,Null,Null,English,
2005,1,0,0,Montlake,Montlake4,Nonfiction,Adult,Crafts,Null,,
2008,1,0,0,Montlake,Montlake4,Fiction,Young Adult,Novel,Null,English,English
1968,1,0,0,Central District,CentralDistrict3,Fiction,Young Adult,Novel,Null,,
2007,1,0,1,Columbia City,ColumbiaCity1,Nonfiction,Adult,History,Null,English,English
1984,1,0,0,Columbia City,ColumbiaCity1,Fiction,Adult,SciFi/Fantasy,Null,English,English
1994,1,0,0,Queen Anne,QueenAnne4,Nonfiction,Adult,Self Help/Health,Null,English,English
2006,1,0,0,Queen Anne,QueenAnne3,Fiction,Adult,SciFi/Fantasy,SciFi/Fantasy,English,English
1977,1,0,0,Ravenna,Ravenna3,Fiction,Adult,SciFi/Fantasy,Novel,English,English
1993,1,0,0,Montlake,Montlake4,Nonfiction,Adult,Self Help/Health,Null,,English
1958,1,0,0,Montlake,Montlake4,Fiction,Adult,Novel,Null,,
2011,1,0,1,Northgate,Northgate3,Nonfiction,Childrens,Null,Null,English,English
2003,1,0,0,Northgate,Northgate3,Fiction,Adult,Novel,History,English,English
2005,1,0,0,Northgate,Northgate3,Fiction,Adult,Novel,Null,English,English
2004,1,0,0,Northgate,Northgate3,Fiction,Adult,SciFi/Fantasy,Null,English,English
2018,1,0,0,Central District,CentralDistrict4,Fiction,Adult,Thriller/Suspense,Null,English,English
1991,1,0,0,Laurelhurst,Laurelhurst2,Fiction,Adult,Cultural Studies,Null,English,English
2019,1,0,0,Central District,CentralDistrict1,Nonfiction,Adult,Cultural Studies,Null,English,English
1992,1,0,0,Central District,CentralDistrict1,Fiction,Adult,Novel,Null,English,English
2007,1,0,0,Central District,CentralDistrict1,Fiction,Adult,Religion,Null,English,English
2006,1,0,0,Central District,CentralDistrict1,Fiction,Adult,Thriller/Suspense,Novel,English,English
1990,1,0,0,Central District,CentralDistrict2,Fiction,Adult,Anthology/Essays/Short stories,Null,English,
1975,1,0,0,Central District,CentralDistrict2,Fiction,Adult,Anthology/Essays/Short stories,Null,English,
2009,1,0,0,Central District,CentralDistrict2,Nonfiction,Adult,Business/Technology,Null,English,English
2009,1,1,0,Central District,CentralDistrict2,Fiction,Adult,Novel,Null,English,English
2018,1,0,0,Central District,CentralDistrict2,Fiction,Adult,Novel,Null,English,English
1988,1,1,0,Central District,CentralDistrict2,Fiction,Adult,Novel,Null,English,English
2011,1,0,0,Central District,CentralDistrict2,Fiction,Adult,Novel,Null,English,English
2017,1,0,0,Central District,CentralDistrict2,Fiction,Adult,Novel,Null,English,English
2009,1,0,0,Central District,CentralDistrict2,Fiction,Adult,Novel,Null,English,English
1991,1,0,0,Central District,CentralDistrict2,Fiction,Adult,Novel,Null,English,English
2010,1,0,0,Central District,CentralDistrict2,Fiction,Adult,Novel,Null,English,English
1998,1,0,0,Central District,CentralDistrict2,Fiction,Adult,Novel,Null,English,English
1996,1,0,0,Central District,CentralDistrict2,Nonfiction,Adult,Self Help/Health,Null,English,English
2013,1,0,0,Central District,CentralDistrict2,Fiction,Adult,Thriller/Suspense,Null,English,English
2003,1,0,0,Central District,CentralDistrict2,Fiction,Adult,Thriller/Suspense,Null,English,English
2018,1,0,0,Central District,CentralDistrict3,Nonfiction,Adult,Biography/Autobiography/Memoir,Cookery,English,English
2008,1,0,0,Central District,CentralDistrict3,Nonfiction,Adult,Biography/Autobiography/Memoir,Null,English,English
2007,1,0,0,Central District,CentralDistrict3,Nonfiction,Adult,Biography/Autobiography/Memoir,Null,English,English
2007,1,0,0,Central District,CentralDistrict3,Nonfiction,Adult,Crafts,Null,,
2005,1,0,0,Central District,CentralDistrict3,Nonfiction,Adult,Cultural Studies,Null,English,English
1993,1,0,0,Central District,CentralDistrict3,Fiction,Adult,Mystery,Null,English,English
1997,1,0,0,Central District,CentralDistrict3,Fiction,Adult,Mystery,Null,English,English
1991,1,0,0,Central District,CentralDistrict3,Fiction,Adult,Mystery,Null,English,English
1986,1,0,0,Central District,CentralDistrict3,Fiction,Adult,Mystery,Null,English,English
2003,1,0,0,Central District,CentralDistrict3,Nonfiction,Adult,Nature/Gardening,Null,English,English
1993,1,0,0,Central District,CentralDistrict3,Nonfiction,Adult,Nature/Gardening,Null,English,English
1999,1,0,0,Central District,CentralDistrict3,Fiction,Adult,Novel,Null,English,English
2000,1,0,0,Central District,CentralDistrict3,Nonfiction,Adult,Religion,Null,English,English
1993,1,0,0,Central District,CentralDistrict3,Fiction,Adult,Thriller/Suspense,Null,English,English
2011,1,0,0,Central District,CentralDistrict3,Fiction,Adult,Thriller/Suspense,Null,English,English
1996,1,0,0,Central District,CentralDistrict3,Fiction,Adult,Thriller/Suspense,Null,English,English
2007,1,0,1,Central District,CentralDistrict4,Nonfiction,Adult,Biography/Autobiography/Memoir,History,English,English
2008,1,0,0,Central District,CentralDistrict4,Nonfiction,Adult,Cultural Studies,Null,English,English
2013,1,0,0,Central District,CentralDistrict4,Nonfiction,Adult,History,Null,English,English
1992,1,0,0,Central District,CentralDistrict4,Nonfiction,Adult,History,Null,English,English
2012,1,0,0,Central District,CentralDistrict4,Fiction,Adult,Mystery,Null,English,English
2015,1,0,0,Central District,CentralDistrict4,Nonfiction,Adult,Religion,Null,English,English
2002,1,0,0,Central District,CentralDistrict4,Nonfiction,Adult,Religion,Self Help/Health,English,English
1999,1,0,0,Central District,CentralDistrict4,Fiction,Adult,Romance,Null,English,English
2011,1,0,0,Central District,CentralDistrict4,Fiction,Adult,Romance,Null,English,English
2008,1,0,0,Central District,CentralDistrict4,Fiction,Adult,SciFi/Fantasy,Null,"English, Undetermined",English
2000,1,0,0,Central District,CentralDistrict4,Nonfiction,Adult,Self Help/Health,Null,English,English
1981,1,0,0,Central District,CentralDistrict4,Nonfiction,Adult,Self Help/Health,Null,English,
2003,1,0,0,Central District,CentralDistrict4,Nonfiction,Adult,Sports,Null,English,English
1996,1,0,0,Central District,CentralDistrict4,Fiction,Adult,Thriller/Suspense,Null,English,English
2017,1,0,0,Central District,CentralDistrict4,Fiction,Adult,Thriller/Suspense,Null,English,English
2012,1,0,0,Central District,CentralDistrict5,Fiction,Adult,Anthology/Essays/Short stories,Null,,
2007,1,0,0,Central District,CentralDistrict5,Nonfiction,Adult,Biography/Autobiography/Memoir,Null,,
1962,1,0,0,Central District,CentralDistrict5,Nonfiction,Adult,History,Biography,English,English
2012,1,0,0,Central District,CentralDistrict5,Fiction,Adult,History,Null,English,English
1989,1,0,0,Central District,CentralDistrict5,Nonfiction,Adult,History,Null,English,English
1987,1,0,0,Central District,CentralDistrict5,Nonfiction,Adult,Self Help/Health,Null,English,
1988,1,1,0,Central District,CentralDistrict5,Nonfiction,Adult,Biography,Null,Japanese,
1988,1,0,0,Central District,CentralDistrict6,Nonfiction,Adult,Art,Null,English,English
2018,1,0,0,Central District,CentralDistrict6,Nonfiction,Adult,Biography/Autobiography/Memoir,Null,English,English
2001,1,0,0,Central District,CentralDistrict6,Nonfiction,Adult,Cultural Studies,Null,English,English
1997,1,0,0,Central District,CentralDistrict6,Fiction,Adult,Mystery,Null,English,English
1997,1,0,0,Central District,CentralDistrict6,Fiction,Adult,Mystery,Null,,
2015,1,1,0,Central District,CentralDistrict6,Fiction,Adult,Novel,Null,English,English
2006,1,0,0,Central District,CentralDistrict6,Fiction,Adult,Novel,Null,English,English
2013,1,0,0,Central District,CentralDistrict6,Fiction,Adult,Novel,Null,English,English
2010,1,0,0,Central District,CentralDistrict6,Fiction,Adult,Religion,Null,Spanish,
2012,1,0,0,Central District,CentralDistrict6,Nonfiction,Adult,Self Help/Health,Null,English,English
2019,1,0,0,Columbia City,ColumbiaCity1,Nonfiction,Adult,Biography/Autobiography/Memoir,Null,English,English
1998,1,0,0,Columbia City,ColumbiaCity1,Nonfiction,Adult,Cultural Studies,Null,"English, French",English
2019,1,0,0,Columbia City,ColumbiaCity1,Nonfiction,Adult,Cultural Studies,Null,English,English
2017,1,0,0,Columbia City,ColumbiaCity1,Fiction,Adult,History,Novel,English,English
2019,1,0,0,Columbia City,ColumbiaCity1,Nonfiction,Adult,Mystery,Null,English,English
2018,1,0,0,Columbia City,ColumbiaCity1,Fiction,Adult,Novel,Null,English,English
1964,1,1,0,Columbia City,ColumbiaCity1,Nonfiction,Adult,Religion,Null,English,English
1985,1,0,0,Columbia City,ColumbiaCity1,Nonfiction,Adult,Self Help/Health,Null,English,English
2009,1,0,0,Columbia City,ColumbiaCity1,Fiction,Adult,Thriller/Suspense,Novel,English,English
2019,1,0,0,Columbia City,ColumbiaCity1,Fiction,Adult,Thriller/Suspense,Null,English,English
1996,1,0,0,Columbia City,ColumbiaCity2,Fiction,Adult,Anthology/Essays/Short stories,Null,English,English
1974,1,0,0,Columbia City,ColumbiaCity2,Nonfiction,Adult,Biography/Autobiography/Memoir,Null,English,English
1991,1,0,0,Columbia City,ColumbiaCity2,Nonfiction,Adult,Cookery,Null,English,English
1991,1,0,0,Columbia City,ColumbiaCity2,Nonfiction,Adult,Cookery,Null,English,English
2014,1,0,0,Columbia City,ColumbiaCity2,Fiction,Adult,Novel,History,English,English
1990,1,0,0,Columbia City,ColumbiaCity2,Fiction,Adult,Novel,Null,English,English
2008,1,0,0,Columbia City,ColumbiaCity2,Fiction,Adult,Novel,Null,English,English
2019,1,0,0,Columbia City,ColumbiaCity2,Fiction,Adult,Novel,Null,English,English
2019,1,0,0,Columbia City,ColumbiaCity2,Fiction,Adult,Novel,Null,English,English
1990,1,0,1,Columbia City,ColumbiaCity2,Nonfiction,Adult,Reference,Null,English,English
2011,1,0,0,Columbia City,ColumbiaCity2,Fiction,Adult,SciFi/Fantasy,Art,English,English
2019,1,0,0,Columbia City,ColumbiaCity2,Nonfiction,Adult,Self Help/Health,Null,English,English
2005,1,0,0,Columbia City,ColumbiaCity2,Fiction,Adult,Self Help/Health,Null,English,English
2004,1,0,0,Columbia City,ColumbiaCity2,Nonfiction,Adult,Self Help/Health,Null,English,English
2018,1,0,0,Columbia City,ColumbiaCity2,Nonfiction,Adult,Self Help/Health,Null,English,English
2012,1,0,0,Columbia City,ColumbiaCity2,Fiction,Adult,Thriller/Suspense,Null,English,English
2019,1,0,0,Columbia City,ColumbiaCity3,Nonfiction,Adult,Anthology/Essays/Short stories,Null,English,English
2007,1,0,0,Columbia City,ColumbiaCity3,Nonfiction,Adult,Anthology/Essays/Short stories,Null,English,English
1960,1,0,0,Columbia City,ColumbiaCity3,Fiction,Adult,Classics,Poetry,English,Akkadian
1946,1,0,0,Columbia City,ColumbiaCity3,Fiction,Adult,Classics,Null,English,English
1999,1,0,0,Columbia City,ColumbiaCity3,Nonfiction,Adult,Cookery,Null,English,English
1993,1,0,0,Columbia City,ColumbiaCity3,Nonfiction,Adult,Cultural Studies,Null,English,English
1970,1,0,0,Columbia City,ColumbiaCity3,Fiction,Adult,Drama,Null,English,
1981,1,0,0,Columbia City,ColumbiaCity3,Nonfiction,Adult,History,Biography,,Latin
2013,1,0,0,Columbia City,ColumbiaCity3,Fiction,Adult,Mystery,Null,English,English
2004,1,0,0,Columbia City,ColumbiaCity3,Fiction,Adult,Mystery,Null,English,English
1988,1,0,0,Columbia City,ColumbiaCity3,Fiction,Adult,Novel,History,English,English
2018,1,0,0,Columbia City,ColumbiaCity3,Fiction,Adult,Novel,Null,English,English
2017,1,1,0,Columbia City,ColumbiaCity3,Fiction,Adult,Novel,Null,English,English
2018,1,0,0,Columbia City,ColumbiaCity3,Fiction,Adult,Novel,Null,English,English
2015,1,0,0,Columbia City,ColumbiaCity3,Nonfiction,Adult,Religion,Null,English,English
2011,1,0,0,Columbia City,ColumbiaCity3,Nonfiction,Adult,SciFi/Fantasy,Null,English,English
2003,1,0,0,Columbia City,ColumbiaCity3,Fiction,Adult,Thriller/Suspense,Null,English,English
2007,1,0,0,Columbia City,ColumbiaCity4,Fiction,Adult,Anthology/Essays/Short stories,Null,English,English
1946,1,0,0,Columbia City,ColumbiaCity4,Nonfiction,Adult,Art,Null,,
2001,1,0,0,Columbia City,ColumbiaCity4,Nonfiction,Adult,Art,Null,English,English
2002,1,1,0,Columbia City,ColumbiaCity4,Nonfiction,Adult,Biography/Autobiography/Memoir,Null,English,English
2008,1,1,0,Columbia City,ColumbiaCity4,Nonfiction,Adult,Biography/Autobiography/Memoir,Null,English,English
2006,1,0,0,Columbia City,ColumbiaCity4,Nonfiction,Adult,Business/Technology,Null,English,English
1950,1,0,0,Columbia City,ColumbiaCity4,Nonfiction,Adult,Business/Technology,Null,English,English
1928,1,0,0,Columbia City,ColumbiaCity4,Nonfiction,Adult,Music,Null,French,
1993,1,0,0,Columbia City,ColumbiaCity4,Fiction,Adult,Novel,Null,"English, Achinese",English
1979,1,0,0,Columbia City,ColumbiaCity4,Fiction,Adult,Novel,Null,English,English
2009,1,0,0,Columbia City,ColumbiaCity4,Fiction,Adult,Romance,Null,English,
2009,1,0,0,Columbia City,ColumbiaCity4,Fiction,Adult,Romance,Null,English,
1982,1,0,0,Columbia City,ColumbiaCity5,Nonfiction,Adult,Biography/Autobiography/Memoir,Null,English,English
1984,1,0,0,Columbia City,ColumbiaCity5,Nonfiction,Adult,Biography/Autobiography/Memoir,Null,English,English
1999,1,0,0,Columbia City,ColumbiaCity5,Nonfiction,Adult,Cookery,Null,English,English
2018,1,0,0,Columbia City,ColumbiaCity5,Nonfiction,Adult,History,Null,English,English
2002,1,0,0,Columbia City,ColumbiaCity5,Nonfiction,Adult,Self Help/Health,Null,English,English
2001,1,0,0,Columbia City,ColumbiaCity5,Nonfiction,Adult,Thriller/Suspense,Null,English,English
2015,1,0,1,Columbia City,ColumbiaCity5,Nonfiction,Adult,Cultural Studies,Null,English,
2017,1,0,0,Laurelhurst,Laurelhurst1,Nonfiction,Adult,Biography/Autobiography/Memoir,Null,English,English
2005,1,0,0,Laurelhurst,Laurelhurst1,Fiction,Adult,Mystery,Null,English,English
2002,1,0,0,Laurelhurst,Laurelhurst1,Fiction,Adult,Mystery,Null,English,English
1997,1,0,0,Laurelhurst,Laurelhurst1,Fiction,Adult,Mystery,Null,English,English
2009,1,0,0,Laurelhurst,Laurelhurst1,Fiction,Adult,Novel,Null,English,English
2004,1,0,0,Laurelhurst,Laurelhurst1,Fiction,Adult,Novel,Null,English,English
2018,1,0,0,Laurelhurst,Laurelhurst1,Fiction,Adult,Romance,Null,English,English
2014,1,0,0,Laurelhurst,Laurelhurst1,Fiction,Adult,Romance,Null,English,English
2010,1,0,0,Laurelhurst,Laurelhurst1,Nonfiction,Adult,Self Help/Health,Null,English,English
2009,1,1,0,Laurelhurst,Laurelhurst1,Nonfiction,Adult,Self Help/Health,Null,English,English
1997,1,0,0,Laurelhurst,Laurelhurst1,Nonfiction,Adult,Self Help/Health,Null,English,English
2002,1,0,0,Laurelhurst,Laurelhurst1,Fiction,Adult,Thriller/Suspense,Null,English,English
2003,1,0,0,Laurelhurst,Laurelhurst2,Fiction,Adult,Classics,Null,English,English
1987,1,0,0,Laurelhurst,Laurelhurst2,Fiction,Adult,Mystery,Null,English,English
1991,1,0,0,Laurelhurst,Laurelhurst2,Fiction,Adult,Mystery,Null,English,English
2004,1,0,0,Laurelhurst,Laurelhurst2,Nonfiction,Adult,Nature/Gardening,Art,English,English
1988,1,0,0,Laurelhurst,Laurelhurst2,Fiction,Adult,Novel,Null,English,English
1994,1,0,0,Laurelhurst,Laurelhurst2,Fiction,Adult,SciFi/Fantasy,Null,English,English
1983,1,0,0,Laurelhurst,Laurelhurst2,Fiction,Adult,SciFi/Fantasy,Null,English,English
1978,1,0,0,Laurelhurst,Laurelhurst2,Nonfiction,Adult,Self Help/Health,Null,English,English
2015,1,0,0,Laurelhurst,Laurelhurst2,Fiction,Adult,Thriller/Suspense,Null,English,English
1986,1,0,0,Laurelhurst,Laurelhurst2,Fiction,Adult,Thriller/Suspense,Null,English,English
1998,1,0,0,Laurelhurst,Laurelhurst3,Nonfiction,Adult,Cookery,Null,English,English
1995,1,0,0,Laurelhurst,Laurelhurst3,Nonfiction,Adult,Cookery,Null,English,English
1979,1,0,0,Laurelhurst,Laurelhurst3,Fiction,Adult,Cookery,Null,English,
1986,1,1,0,Laurelhurst,Laurelhurst3,Nonfiction,Adult,Cookery,Null,English,English
2000,1,0,0,Laurelhurst,Laurelhurst3,Nonfiction,Adult,Cultural Studies,Null,English,English
1977,1,0,0,Laurelhurst,Laurelhurst3,Nonfiction,Adult,Cultural Studies,Null,English,English
2007,1,0,0,Laurelhurst,Laurelhurst3,Nonfiction,Adult,History,Null,English,English
2009,1,0,0,Laurelhurst,Laurelhurst3,Fiction,Adult,Mystery,Null,English,English
2004,1,1,0,Laurelhurst,Laurelhurst3,Fiction,Adult,novel,Null,English,English
2007,1,0,0,Laurelhurst,Laurelhurst3,Fiction,Adult,SciFi/Fantasy,Null,English,English
2009,1,0,0,Laurelhurst,Laurelhurst3,Fiction,Adult,SciFi/Fantasy,Null,English,English
2007,1,0,0,Laurelhurst,Laurelhurst3,Fiction,Adult,SciFi/Fantasy,Null,English,English
2006,1,0,0,Laurelhurst,Laurelhurst3,Fiction,Adult,SciFi/Fantasy,Null,English,English
2007,1,0,1,Laurelhurst,Laurelhurst4,Nonfiction,Adult,Art,Null,English,English
2001,1,0,0,Laurelhurst,Laurelhurst4,Nonfiction,Adult,Biography/Autobiography/Memoir,Null,English,English
1994,1,0,0,Laurelhurst,Laurelhurst4,Fiction,Adult,Mystery,Null,English,English
2012,1,0,0,Laurelhurst,Laurelhurst4,Nonfiction,Adult,Nature/Gardening,Null,English,English
1997,1,0,0,Laurelhurst,Laurelhurst4,Fiction,Adult,Novel,History,English,English
2017,1,0,0,Laurelhurst,Laurelhurst4,Fiction,Adult,Novel,Null,English,English
2007,1,1,0,Laurelhurst,Laurelhurst4,Fiction,Adult,Novel,Null,English,English
1988,1,1,0,Laurelhurst,Laurelhurst4,Fiction,Adult,Novel,Null,English,English
1982,1,0,0,Laurelhurst,Laurelhurst4,Fiction,Adult,Novel,Null,English,English
2013,1,0,0,Laurelhurst,Laurelhurst4,Fiction,Adult,Novel,Null,English,English
2013,1,0,0,Laurelhurst,Laurelhurst4,Nonfiction,Adult,Sports,Null,English,English
1974,1,0,0,Laurelhurst,Laurelhurst4,Fiction,Adult,Thriller/Suspense,Null,English,
2014,1,0,0,Laurelhurst,Laurelhurst4,Nonfiction,Adult,Travel,Null,English,English
1996,1,0,0,Laurelhurst,Laurelhurst5,Fiction,Adult,Anthology/Essays/Short stories,Null,English,English
2012,1,0,0,Laurelhurst,Laurelhurst5,Nonfiction,Adult,Biography/Autobiography/Memoir,Null,English,English
2008,1,0,0,Laurelhurst,Laurelhurst5,Fiction,Adult,Mystery,Novel,English,English
2004,1,0,0,Laurelhurst,Laurelhurst5,Fiction,Adult,Mystery,Null,English,English
2001,1,0,0,Laurelhurst,Laurelhurst5,Fiction,Adult,Mystery,Null,English,English
1992,1,0,0,Laurelhurst,Laurelhurst5,Fiction,Adult,Mystery,Null,English,English
1981,1,0,0,Laurelhurst,Laurelhurst5,Fiction,Adult,Mystery,Null,English,English
1995,1,0,0,Laurelhurst,Laurelhurst5,Fiction,Adult,Mystery,Null,English,English
1998,1,0,0,Laurelhurst,Laurelhurst5,Fiction,Adult,Novel,Null,English,English
1996,1,0,0,Laurelhurst,Laurelhurst5,Fiction,Adult,Novel,Null,English,English
1986,1,0,0,Laurelhurst,Laurelhurst5,Fiction,Adult,Novel,Null,English,English
2014,1,0,0,Laurelhurst,Laurelhurst5,Fiction,Adult,Novel,Null,English,English
2013,1,0,0,Laurelhurst,Laurelhurst6,Fiction,Adult,Novel,Null,English,English
1982,1,0,0,Laurelhurst,Laurelhurst6,Fiction,Adult,Novel,Null,English,English
2011,1,1,0,Laurelhurst,Laurelhurst6,Nonfiction,Adult,Religion,Null,English,English
1994,1,0,0,Laurelhurst,Laurelhurst6,Nonfiction,Adult,Self Help/Health,Anthology,English,English
1995,1,0,0,Laurelhurst,Laurelhurst6,Nonfiction,Adult,Self Help/Health,Null,English,English
1993,1,0,0,Laurelhurst,Laurelhurst6,Nonfiction,Adult,Travel,Null,English,English
1979,1,0,0,Montlake,Montlake2,Nonfiction,Adult,Art,History,English,English
1980,1,0,0,Montlake,Montlake2,Nonfiction,Adult,Biography/Autobiography/Memoir,Null,English,English
2013,1,0,0,Montlake,Montlake2,Nonfiction,Adult,Business/Technology,Null,English,English
1980,1,0,0,Montlake,Montlake2,Nonfiction,Adult,Cookery,Null,English,English
1981,1,0,0,Montlake,Montlake2,Nonfiction,Adult,Cookery,Null,English,English
1979,1,0,0,Montlake,Montlake2,Nonfiction,Adult,Cookery,Null,English,English
1984,1,0,0,Montlake,Montlake2,Nonfiction,Adult,Cookery,Null,English,English
1998,1,0,0,Montlake,Montlake2,Nonfiction,Adult,Cookery,Null,English,English
1999,1,0,0,Montlake,Montlake2,Nonfiction,Adult,Cookery,Null,English,
1999,1,0,0,Montlake,Montlake2,Nonfiction,Adult,Cookery,Null,,English
1998,1,0,0,Montlake,Montlake2,Nonfiction,Adult,Cookery,Null,English,English
1998,1,0,0,Montlake,Montlake2,Nonfiction,Adult,Cookery,Null,English,English
1998,1,0,0,Montlake,Montlake2,Nonfiction,Adult,Cookery,Null,English,English
2012,1,0,0,Montlake,Montlake2,Nonfiction,Adult,Cookery,Null,,English
1998,1,0,0,Montlake,Montlake2,Nonfiction,Adult,Cookery,Null,English,English
2006,1,0,0,Montlake,Montlake2,Nonfiction,Adult,Cookery,Null,English,English
2006,1,0,0,Montlake,Montlake2,Nonfiction,Adult,Cookery,Null,English,English
2006,1,0,0,Montlake,Montlake2,Nonfiction,Adult,Cookery,Null,English,English
2010,1,0,0,Montlake,Montlake2,Nonfiction,Adult,Cookery,Null,English,English
1996,1,0,0,Montlake,Montlake2,Fiction,Adult,Mystery,Null,English,English
1985,1,0,0,Montlake,Montlake2,Fiction,Adult,Poetry,Null,English,Swedish
2003,1,0,0,Montlake,Montlake2,Nonfiction,Adult,Self Help/Health,Null,English,English
1982,1,0,0,Montlake,Montlake2,Nonfiction,Adult,Self Help/Health,Null,English,English
1983,1,0,0,Montlake,Montlake2,Nonfiction,Adult,Self Help/Health,Null,English,English
2003,1,0,0,Montlake,Montlake4,Nonfiction,Adult,Biography/Autobiography/Memoir,Null,English,English
1963,1,0,0,Montlake,Montlake4,Nonfiction,Adult,Biography/Autobiography/Memoir,Null,English,
1988,1,0,0,Montlake,Montlake4,Nonfiction,Adult,Cookery,Null,English,English
1997,1,0,0,Montlake,Montlake4,Nonfiction,Adult,Cookery,Null,English,English
2008,1,0,0,Montlake,Montlake4,Fiction,Adult,Mystery,Null,English,English
2004,1,0,0,Montlake,Montlake4,Fiction,Adult,Mystery,Null,English,English
1996,1,0,0,Montlake,Montlake4,Fiction,Adult,Mystery,Null,English,English
2014,1,0,0,Montlake,Montlake4,Fiction,Adult,Mystery,Null,English,English
2013,1,0,0,Montlake,Montlake4,Nonfiction,Adult,Nature/Gardening,Null,English,English
1992,1,1,0,Montlake,Montlake4,Fiction,Adult,Novel,Cultural Studies,English,Arabic
2007,1,0,0,Montlake,Montlake4,Fiction,Adult,Novel,Null,English,English
1998,1,0,0,Montlake,Montlake4,Fiction,Adult,Novel,Null,English,English
1990,1,0,0,Montlake,Montlake4,Fiction,Adult,Novel,Null,English,English
1990,1,0,0,Montlake,Montlake4,Fiction,Adult,Novel,Null,English,English
2018,1,0,0,Montlake,Montlake4,Nonfiction,Adult,Novel,Null,English,English
2016,1,0,0,Montlake,Montlake4,Nonfiction,Adult,Self Help/Health,Null,English,English
1992,1,0,0,Montlake,Montlake4,Nonfiction,Adult,Self Help/Health,Null,English,English
1986,1,0,0,Montlake,Montlake4,Fiction,Adult,Sports,Null,English,English
1999,1,0,0,Montlake,Montlake4,Fiction,Adult,Thriller/Suspense,Null,English,English
1991,1,0,0,Montlake,Montlake5,Fiction,Adult,Anthology/Essays/Short stories,Null,English,English
1976,1,0,0,Montlake,Montlake5,Nonfiction,Adult,Art,Null,English,English
2009,1,0,0,Montlake,Montlake5,Nonfiction,Adult,Biography/Autobiography/Memoir,Null,English,English
2012,1,0,0,Montlake,Montlake5,Nonfiction,Adult,Business/Technology,Null,English,English
2002,1,0,0,Montlake,Montlake5,Nonfiction,Adult,Cookery,Null,French,French
1986,1,0,0,Montlake,Montlake5,Nonfiction,Adult,History,Null,English,English
2013,1,0,0,Montlake,Montlake5,Nonfiction,Adult,History,Null,English,English
1995,1,1,0,Montlake,Montlake5,Fiction,Adult,Novel,History,English,English
2006,1,0,0,Montlake,Montlake5,Fiction,Adult,Novel,Null,English,English
1997,1,0,0,Montlake,Montlake5,Fiction,Adult,Novel,Null,English,English
2008,1,0,0,Montlake,Montlake5,Fiction,Adult,Novel,Null,English,English
2010,1,0,1,Montlake,Montlake5,Nonfiction,Adult,Reference,Null,,
2003,1,1,0,Montlake,Montlake5,Nonfiction,Adult,Self Help/Health,Null,English,English
2016,1,0,0,Montlake,Montlake5,Nonfiction,Adult,Self Help/Health,Null,English,English
2018,1,0,0,Montlake,Montlake5,Fiction,Adult,Thriller/Suspense,Null,English,English
2018,1,0,0,Montlake,Montlake5,Nonfiction,Adult,Travel,Null,English,English
2018,1,0,0,Montlake,Montlake5,Nonfiction,Adult,Travel,Null,English,English
2004,1,0,0,Montlake,Montlake6,Nonfiction,Adult,Cookery,Null,English,English
2002,1,0,0,Montlake,Montlake6,Nonfiction,Adult,Cookery,Null,English,English
1997,1,0,0,Montlake,Montlake6,Fiction,Adult,Mystery,Null,English,English
2009,1,0,0,Montlake,Montlake6,Fiction,Adult,Novel,Null,English,English
1992,1,0,0,Montlake,Montlake6,Fiction,Adult,Novel,Null,English,English
1986,1,0,0,Montlake,Montlake6,Fiction,Adult,Novel,Null,English,English
1974,1,0,0,Montlake,Montlake6,Fiction,Adult,Poetry,Null,English,English
1989,1,0,0,Montlake,Montlake6,Fiction,Adult,SciFi/Fantasy,Null,English,English
2002,1,0,0,Montlake,Montlake6,Fiction,Adult,Thriller/Suspense,Null,English,English
1997,1,0,0,Northgate,Northgate1,Fiction,Adult,Anthology/Essays/Short stories,Null,English,English
2015,1,0,0,Northgate,Northgate1,Nonfiction,Adult,Business/Technology,Null,,
2013,1,0,0,Northgate,Northgate1,Nonfiction,Adult,Business/Technology,Null,Spanish,English
2001,1,0,0,Northgate,Northgate1,Fiction,Adult,Drama,Null,English,English
2009,1,0,0,Northgate,Northgate1,Nonfiction,Adult,Music,Null,English,
2009,1,0,0,Northgate,Northgate1,Nonfiction,Adult,Music,Null,,
1977,1,0,0,Northgate,Northgate1,Fiction,Adult,Novel,History,English,English
2008,1,0,0,Northgate,Northgate1,Fiction,Adult,Novel,Null,English,English
2011,1,0,0,Northgate,Northgate1,Nonfiction,Adult,Religion,Self Help/Health,English,English
2000,1,0,0,Northgate,Northgate1,Nonfiction,Adult,Religion,Self Help/Health,English,English
2016,1,0,0,Northgate,Northgate1,Nonfiction,Adult,Religion,Self Help/Health,English,English
2016,1,0,0,Northgate,Northgate1,Fiction,Adult,Thriller/Suspense,Null,English,English
2012,1,0,0,Northgate,Northgate1,Fiction,Adult,Thriller/Suspense,Null,English,English
2019,1,0,0,Northgate,Northgate1,Fiction,Adult,Thriller/Suspense,Null,English,English
2014,1,0,0,Northgate,Northgate1,Fiction,Adult,Thriller/Suspense,Null,English,English
2019,1,0,0,Northgate,Northgate2,Fiction,Adult,Anthology/Essays/Short stories,Null,English,English
2019,1,0,0,Northgate,Northgate2,Fiction,Adult,Anthology/Essays/Short stories,Null,English,English
2006,1,0,0,Northgate,Northgate2,Nonfiction,Adult,Biography/Autobiography/Memoir,Null,English,English
2016,1,0,0,Northgate,Northgate2,Fiction,Adult,Biography/Autobiography/Memoir,Null,English,English
1950,1,0,0,Northgate,Northgate2,Fiction,Adult,Drama,Null,English,
1967,1,0,0,Northgate,Northgate2,Fiction,Adult,Drama,Null,English,English
2015,1,0,0,Northgate,Northgate2,Fiction,Adult,History,Anthology,English,English
2005,1,0,0,Northgate,Northgate2,Nonfiction,Adult,History,Mystery,English,English
2014,1,0,0,Northgate,Northgate2,Nonfiction,Adult,History,Null,English,English
2011,1,1,0,Northgate,Northgate2,Fiction,Adult,Novel,Null,English,English
2003,1,1,0,Northgate,Northgate2,Fiction,Adult,Novel,Null,English,English
2010,1,1,0,Northgate,Northgate2,Fiction,Adult,Novel,Null,English,English
2017,1,0,0,Northgate,Northgate2,Fiction,Adult,Novel,Null,English,English
2011,1,0,0,Northgate,Northgate2,Fiction,Adult,Novel,Null,English,English
2011,1,0,0,Northgate,Northgate2,Fiction,Adult,Novel,Null,English,English
2017,1,0,0,Northgate,Northgate2,Fiction,Adult,Novel,Null,English,English
2000,1,1,0,Northgate,Northgate2,Fiction,Adult,Novel,Null,English,English
2016,1,1,0,Northgate,Northgate2,Fiction,Adult,Novel,Null,English,English
2012,1,0,0,Northgate,Northgate2,Fiction,Adult,Novel,Null,English,English
2014,1,1,0,Northgate,Northgate2,Fiction,Adult,Novel,Null,English,English
2014,1,0,0,Northgate,Northgate2,Fiction,Adult,Novel,Null,,English
2011,1,0,0,Northgate,Northgate2,Fiction,Adult,Novel,Null,English,English
2013,1,0,0,Northgate,Northgate2,Fiction,Adult,Novel,Null,English,English
2011,1,0,0,Northgate,Northgate2,Fiction,Adult,Novel,Null,English,English
1992,1,0,0,Northgate,Northgate2,Fiction,Adult,Novel,Null,English,English
1983,1,1,0,Northgate,Northgate2,Nonfiction,Adult,Religion,Null,English,Chinese
1984,1,1,0,Northgate,Northgate2,Nonfiction,Adult,Religion,Null,"Hindi, English",English
1978,1,1,0,Northgate,Northgate2,Nonfiction,Adult,Religion,Null,English,Chinese
2016,1,1,0,Northgate,Northgate2,Fiction,Adult,Thriller/Suspense,Null,English,English
2011,1,0,0,Northgate,Northgate2,Fiction,Adult,Thriller/Suspense,Null,English,English
2011,1,0,0,Northgate,Northgate2,Fiction,Adult,Thriller/Suspense,Null,English,English
2004,1,0,0,Northgate,Northgate3,Fiction,Adult,Anthology/Essays/Short stories,Null,English,English
2017,1,1,0,Northgate,Northgate3,Nonfiction,Adult,Art,Null,English,English
2011,1,0,0,Northgate,Northgate3,Nonfiction,Adult,Biography/Autobiography/Memoir,History,English,English
2005,1,0,0,Northgate,Northgate3,Nonfiction,Adult,Biography/Autobiography/Memoir,History,English,English
2004,1,0,0,Northgate,Northgate3,Nonfiction,Adult,Biography/Autobiography/Memoir,History,English,English
2002,1,0,0,Northgate,Northgate3,Nonfiction,Adult,Biography/Autobiography/Memoir,Null,English,English
2008,1,0,0,Northgate,Northgate3,Nonfiction,Adult,Biography/Autobiography/Memoir,Religion,English,
1998,1,0,0,Northgate,Northgate3,Nonfiction,Adult,Crafts,Null,English,English
1990,1,0,0,Northgate,Northgate3,Nonfiction,Adult,Crafts,Null,,
1992,1,0,0,Northgate,Northgate3,Nonfiction,Adult,Crafts,Null,English,English
1995,1,0,0,Northgate,Northgate3,Nonfiction,Adult,Crafts,Null,English,English
1998,1,0,1,Northgate,Northgate3,Nonfiction,Adult,Crafts,Null,English,English
1987,1,0,0,Northgate,Northgate3,Nonfiction,Adult,Crafts,Null,English,English
1975,1,0,0,Northgate,Northgate3,Nonfiction,Adult,Crafts,Null,English,English
1979,1,0,1,Northgate,Northgate3,Nonfiction,Adult,Crafts,Null,English,English
1999,1,0,0,Northgate,Northgate3,Nonfiction,Adult,Cultural Studies,Null,English,English
2012,1,0,0,Northgate,Northgate3,Nonfiction,Adult,Cultural Studies,Null,English,English
2001,1,0,0,Northgate,Northgate3,Nonfiction,Adult,Cultural Studies,Null,English,English
1993,1,0,0,Northgate,Northgate3,Fiction,Adult,Mystery,Null,English,English
1999,1,0,0,Northgate,Northgate3,Fiction,Adult,Mystery,Null,English,English
2012,1,0,0,Northgate,Northgate3,Fiction,Adult,Mystery,Null,English,English
1997,1,0,0,Northgate,Northgate3,Fiction,Adult,Mystery,Null,English,English
1993,1,0,0,Northgate,Northgate3,Fiction,Adult,Mystery,Null,English,English
1988,1,0,0,Northgate,Northgate3,Fiction,Adult,Mystery,Null,English,English
2017,1,0,0,Northgate,Northgate3,Fiction,Adult,Mystery,Null,English,English
2007,1,0,0,Northgate,Northgate3,Fiction,Adult,Mystery,Null,English,English
1988,1,0,0,Northgate,Northgate3,Nonfiction,Adult,Nature/Gardening,Null,English,English
1994,1,0,0,Northgate,Northgate3,Nonfiction,Adult,Nature/Gardening,Null,English,English
1979,1,0,0,Northgate,Northgate3,Nonfiction,Adult,Nature/Gardening,Null,English,English
2013,1,0,0,Northgate,Northgate3,Fiction,Adult,Novel,History,English,English
2019,1,0,0,Northgate,Northgate3,Fiction,Adult,Novel,Null,English,English
1998,1,0,0,Northgate,Northgate3,Fiction,Adult,Novel,Null,English,English
2014,1,1,0,Northgate,Northgate3,Fiction,Adult,Novel,Null,English,English
2005,1,0,0,Northgate,Northgate3,Fiction,Adult,Novel,Null,English,English
1993,1,0,0,Northgate,Northgate3,Fiction,Adult,Novel,Null,English,English
2010,1,0,0,Northgate,Northgate3,Fiction,Adult,Novel,Null,English,English
2010,1,0,0,Northgate,Northgate3,Fiction,Adult,Novel,Null,English,English
1987,1,0,0,Northgate,Northgate3,Fiction,Adult,Novel,Null,English,English
2004,1,0,0,Northgate,Northgate3,Fiction,Adult,Novel,Null,English,English
2013,1,0,0,Northgate,Northgate3,Fiction,Adult,Novel,Religion,English,English
2013,1,0,0,Northgate,Northgate3,Fiction,Adult,Novel,Religion,English,English
2015,1,0,0,Northgate,Northgate3,Fiction,Adult,Novel,Religion,English,English
2005,1,0,0,Northgate,Northgate3,Nonfiction,Adult,Reference,Null,English,English
1975,1,0,0,Northgate,Northgate3,Nonfiction,Adult,Reference,Null,English,English
1988,1,0,0,Northgate,Northgate3,Nonfiction,Adult,Reference,Self Help/Health,English,English
2010,1,0,0,Northgate,Northgate3,Nonfiction,Adult,Religion,Null,English,English
1983,1,1,0,Northgate,Northgate3,Nonfiction,Adult,Religion,Null,English,Chinese
1998,1,0,0,Northgate,Northgate3,Fiction,Adult,Romance,Null,English,English
2016,1,1,0,Northgate,Northgate3,Fiction,Adult,Romance,Null,English,
1994,1,0,0,Northgate,Northgate3,Nonfiction,Adult,Science,Cultural Studies,English,English
2006,1,0,0,Northgate,Northgate3,Fiction,Adult,SciFi/Fantasy,Null,English,English
1987,1,0,0,Northgate,Northgate3,Fiction,Adult,SciFi/Fantasy,Null,English,English
2004,1,0,0,Northgate,Northgate3,Fiction,Adult,SciFi/Fantasy,Null,English,English
1980,1,0,0,Northgate,Northgate3,Fiction,Adult,SciFi/Fantasy,Null,English,English
2003,1,0,0,Northgate,Northgate3,Fiction,Adult,SciFi/Fantasy,Null,English,English
2016,1,0,0,Northgate,Northgate3,Nonfiction,Adult,Self Help/Health,Cultural Studies,English,English
2011,1,0,0,Northgate,Northgate3,Nonfiction,Adult,Self Help/Health,Cultural Studies,English,English
1999,1,0,0,Northgate,Northgate3,Nonfiction,Adult,Self Help/Health,Null,English,English
2012,1,0,0,Northgate,Northgate3,Nonfiction,Adult,Self Help/Health,Null,English,English
1999,1,0,0,Northgate,Northgate3,Nonfiction,Adult,Self Help/Health,Null,English,English
2014,1,0,0,Northgate,Northgate3,Nonfiction,Adult,Self Help/Health,Null,English,
1999,1,0,0,Northgate,Northgate3,Nonfiction,Adult,Self Help/Health,Null,English,English
1964,1,0,0,Northgate,Northgate3,Nonfiction,Adult,Sports,Null,,
1969,1,0,0,Northgate,Northgate3,Nonfiction,Adult,Sports,Null,English,
2010,1,0,0,Northgate,Northgate3,Nonfiction,Adult,Sports,Null,English,English
1989,1,0,0,Northgate,Northgate3,Nonfiction,Adult,Sports,Null,English,English
1989,1,0,1,Northgate,Northgate3,Nonfiction,Adult,Sports,Null,English,
1967,1,0,0,Northgate,Northgate3,Nonfiction,Adult,Sports,Null,,English
1968,1,0,0,Northgate,Northgate3,Nonfiction,Adult,Sports,Null,,
2013,1,0,0,Northgate,Northgate3,Fiction,Adult,Thriller/Suspense,Null,English,English
2011,1,0,0,Northgate,Northgate3,Fiction,Adult,Thriller/Suspense,Null,English,English
2010,1,0,0,Northgate,Northgate3,Fiction,Adult,Thriller/Suspense,Null,English,English
1995,1,0,0,Northgate,Northgate3,Fiction,Adult,Thriller/Suspense,Null,English,English
2014,1,0,0,Northgate,Northgate3,Fiction,Adult,Thriller/Suspense,Null,English,English
1995,1,0,0,Northgate,Northgate3,Nonfiction,Adult,Travel,Null,English,English
1995,1,1,0,Northgate,Northgate3,Nonfiction,Adult,Science,Null,,
1992,1,0,0,Northgate,Northgate4,Nonfiction,Adult,Cookery,Null,English,
2007,1,0,0,Northgate,Northgate4,Nonfiction,Adult,Cookery,Self Help/Health,English,English
2009,1,0,0,Northgate,Northgate4,Nonfiction,Adult,Cultural Studies,Null,English,English
1990,1,0,0,Northgate,Northgate4,Fiction,Adult,Mystery,Null,English,English
1978,1,0,0,Northgate,Northgate4,Fiction,Adult,Mystery,Null,English,English
1995,1,0,0,Northgate,Northgate4,Fiction,Adult,Mystery,Null,English,English
1966,1,0,0,Northgate,Northgate4,Nonfiction,Adult,Nature/Gardening,Null,English,English
2000,1,0,0,Northgate,Northgate4,Fiction,Adult,Novel,Null,English,English
1985,1,0,0,Northgate,Northgate4,Fiction,Adult,SciFi/Fantasy,Null,English,English
2007,1,0,0,Northgate,Northgate4,Nonfiction,Adult,Self Help/Health,Null,English,English
2003,1,0,0,Northgate,Northgate4,Nonfiction,Adult,Self Help/Health,Null,English,English
2013,1,0,0,Northgate,Northgate4,Nonfiction,Adult,Self Help/Health,Null,English,English
2009,1,0,0,Northgate,Northgate4,Fiction,Adult,Thriller/Suspense,Null,English,English
2015,1,0,0,Northgate,Northgate4,Fiction,Adult,Thriller/Suspense,Null,English,English
1985,1,0,0,Northgate,Northgate5,Fiction,Adult,Anthology/Essays/Short stories,Null,English,English
2018,1,0,0,Northgate,Northgate5,Nonfiction,Adult,Biography/Autobiography/Memoir,Null,English,English
1954,1,0,0,Northgate,Northgate5,Fiction,Adult,Classics,Novel,English,English
1993,1,1,0,Northgate,Northgate5,Fiction,Adult,Classics,Null,English,English
2016,1,0,0,Northgate,Northgate5,Nonfiction,Adult,Cultural Studies,Null,English,English
1985,1,1,0,Northgate,Northgate5,Fiction,Adult,Drama,Null,English,English
2017,1,0,0,Northgate,Northgate5,Fiction,Adult,Mystery,Null,English,English
2004,1,0,0,Northgate,Northgate5,Fiction,Adult,Mystery,Null,English,English
2004,1,1,0,Northgate,Northgate5,Fiction,Adult,Novel,Biography,English,English
2007,1,1,0,Northgate,Northgate5,Fiction,Adult,Novel,History,English,English
1998,1,0,0,Northgate,Northgate5,Fiction,Adult,Novel,History,English,English
2017,1,0,0,Northgate,Northgate5,Fiction,Adult,Novel,Null,English,English
1986,1,0,0,Northgate,Northgate5,Nonfiction,Adult,Reference,Null,English,English
1963,1,1,0,Northgate,Northgate5,Nonfiction,Adult,Religion,Self Help/Health,English,English
2010,1,0,0,Northgate,Northgate5,Nonfiction,Adult,Self Help/Health,Null,English,English
1986,1,0,0,Northgate,Northgate5,Fiction,Adult,Thriller/Suspense,Null,English,English
1967,1,0,0,Phinney-Greenwood,Phinney-Green1,Nonfiction,Adult,Biography/Autobiography/Memoir,Null,English,English
1993,1,0,0,Phinney-Greenwood,Phinney-Green1,Nonfiction,Adult,Biography/Autobiography/Memoir,Null,English,English
1999,1,0,0,Phinney-Greenwood,Phinney-Green1,Nonfiction,Adult,Biography/Autobiography/Memoir,Null,English,English
1980,1,0,0,Phinney-Greenwood,Phinney-Green1,Fiction,Adult,Drama,Null,,
2002,1,0,0,Phinney-Greenwood,Phinney-Green1,Nonfiction,Adult,History,Null,English,English
2017,1,0,0,Phinney-Greenwood,Phinney-Green1,Fiction,Adult,Mystery,Null,English,English
2011,1,0,0,Phinney-Greenwood,Phinney-Green1,Fiction,Adult,Novel,Null,English,English
2017,1,0,0,Phinney-Greenwood,Phinney-Green1,Fiction,Adult,Novel,Null,English,English
1997,1,0,0,Phinney-Greenwood,Phinney-Green1,Fiction,Adult,novel,Null,English,English
1987,1,0,0,Phinney-Greenwood,Phinney-Green1,Fiction,Adult,Novel,Null,English,English
2019,1,0,0,Phinney-Greenwood,Phinney-Green1,Fiction,Adult,Novel,Null,English,English
2017,1,0,0,Phinney-Greenwood,Phinney-Green1,Fiction,Adult,Novel,Null,English,English
2000,1,0,0,Phinney-Greenwood,Phinney-Green1,Fiction,Adult,Romance,Null,English,English
2007,1,0,0,Phinney-Greenwood,Phinney-Green1,Nonfiction,Adult,Self Help/Health,Crafts,English,English
1997,1,0,0,Phinney-Greenwood,Phinney-Green2,Fiction,Adult,Drama,Null,English,
1992,1,0,0,Phinney-Greenwood,Phinney-Green2,Fiction,Adult,Mystery,Null,English,English
1995,1,0,0,Phinney-Greenwood,Phinney-Green2,Fiction,Adult,Mystery,Null,English,English
1991,1,0,0,Phinney-Greenwood,Phinney-Green2,Fiction,Adult,Mystery,Null,English,English
1994,1,0,0,Phinney-Greenwood,Phinney-Green2,Fiction,Adult,Mystery,Null,English,English
2011,1,0,0,Phinney-Greenwood,Phinney-Green2,Fiction,Adult,Novel,Null,English,English
1988,1,0,0,Phinney-Greenwood,Phinney-Green2,Fiction,Adult,Novel,Null,English,English
2013,1,0,0,Phinney-Greenwood,Phinney-Green2,Fiction,Adult,Novel,Null,English,English
1996,1,0,0,Phinney-Greenwood,Phinney-Green2,Fiction,Adult,Novel,Null,English,English
1998,1,0,0,Phinney-Greenwood,Phinney-Green2,Nonfiction,Adult,Religion,Null,English,English
2003,1,0,0,Phinney-Greenwood,Phinney-Green2,Fiction,Adult,Romance,Null,English,English
1993,1,0,0,Phinney-Greenwood,Phinney-Green2,Fiction,Adult,Romance,Null,English,English
1985,1,0,0,Phinney-Greenwood,Phinney-Green2,Fiction,Adult,SciFi/Fantasy,Null,English,English
2003,1,0,0,Phinney-Greenwood,Phinney-Green2,Nonfiction,Adult,Self Help/Health,Null,English,
2016,1,0,0,Phinney-Greenwood,Phinney-Green2,Nonfiction,Adult,Self Help/Health,Null,English,English
2006,1,0,0,Phinney-Greenwood,Phinney-Green2,Nonfiction,Adult,Self Help/Health,Null,English,English
1999,1,0,0,Phinney-Greenwood,Phinney-Green2,Nonfiction,Adult,Self Help/Health,Null,English,English
1999,1,0,0,Phinney-Greenwood,Phinney-Green2,Nonfiction,Adult,Self Help/Health,Null,English,English
1980,1,0,0,Phinney-Greenwood,Phinney-Green2,Nonfiction,Adult,Self Help/Health,Null,English,English
2011,1,0,0,Phinney-Greenwood,Phinney-Green2,Fiction,Adult,Thriller/Suspense,Null,English,English
2012,1,0,0,Phinney-Greenwood,Phinney-Green2,Nonfiction,Adult,Poetry,Null,English,
2014,1,0,0,Phinney-Greenwood,Phinney-Green2,Nonfiction,Adult,Business/Technology,Null,English,
2012,1,0,0,Phinney-Greenwood,Phinney-Green3,Nonfiction,Adult,Biography/Autobiography/Memoir,Null,English,English
1961,1,0,0,Phinney-Greenwood,Phinney-Green3,Nonfiction,Adult,Cookery,Null,English,English
1977,1,0,0,Phinney-Greenwood,Phinney-Green3,Nonfiction,Adult,Crafts,Null,English,English
1986,1,1,0,Phinney-Greenwood,Phinney-Green3,Nonfiction,Adult,Crafts,Null,English,English
2016,1,0,0,Phinney-Greenwood,Phinney-Green3,Nonfiction,Adult,Cultural Studies,Null,English,English
2016,1,0,0,Phinney-Greenwood,Phinney-Green3,Nonfiction,Adult,Cultural Studies,Null,English,English
2016,1,0,0,Phinney-Greenwood,Phinney-Green3,Nonfiction,Adult,History,Cultural Studies,English,English
2003,1,0,0,Phinney-Greenwood,Phinney-Green3,Nonfiction,Adult,History,Null,English,English
1985,1,0,0,Phinney-Greenwood,Phinney-Green3,Nonfiction,Adult,History,Null,English,English
2007,1,0,0,Phinney-Greenwood,Phinney-Green3,Fiction,Adult,Mystery,Null,English,English
2015,1,0,0,Phinney-Greenwood,Phinney-Green3,Fiction,Adult,Mystery,Null,English,English
2005,1,0,0,Phinney-Greenwood,Phinney-Green3,Fiction,Adult,Mystery,Null,English,English
2010,1,0,0,Phinney-Greenwood,Phinney-Green3,Fiction,Adult,Novel,Null,English,English
2007,1,0,0,Phinney-Greenwood,Phinney-Green3,Fiction,Adult,Novel,Null,English,English
2015,1,0,0,Phinney-Greenwood,Phinney-Green3,Fiction,Adult,Novel,Null,English,English
2013,1,0,0,Phinney-Greenwood,Phinney-Green3,Fiction,Adult,Novel,Null,English,English
1998,1,0,0,Phinney-Greenwood,Phinney-Green3,Fiction,Adult,Novel,Null,English,English
2007,1,0,0,Phinney-Greenwood,Phinney-Green3,Fiction,Adult,Novel,Null,English,English
2016,1,0,0,Phinney-Greenwood,Phinney-Green3,Fiction,Adult,Novel,Null,English,English
1996,1,0,0,Phinney-Greenwood,Phinney-Green3,Fiction,Adult,Novel,Null,English,English
2015,1,0,0,Phinney-Greenwood,Phinney-Green3,Fiction,Adult,Novel,Null,English,English
2011,1,0,0,Phinney-Greenwood,Phinney-Green3,Fiction,Adult,Novel,Null,English,English
2004,1,0,0,Phinney-Greenwood,Phinney-Green3,Fiction,Adult,Novel,Null,English,English
2001,1,0,0,Phinney-Greenwood,Phinney-Green3,Fiction,Adult,Novel,Null,English,English
2014,1,1,0,Phinney-Greenwood,Phinney-Green3,Fiction,Adult,Novel,Null,English,English
2015,1,0,0,Phinney-Greenwood,Phinney-Green3,Nonfiction,Adult,Religion,Null,English,English
2015,1,0,0,Phinney-Greenwood,Phinney-Green3,Fiction,Adult,SciFi/Fantasy,Null,English,English
2002,1,0,0,Phinney-Greenwood,Phinney-Green3,Fiction,Adult,SciFi/Fantasy,Null,English,English
2000,1,0,0,Phinney-Greenwood,Phinney-Green3,Nonfiction,Adult,Self Help/Health,Null,English,English
2001,1,0,0,Phinney-Greenwood,Phinney-Green3,Nonfiction,Adult,Self Help/Health,Null,English,English
2009,1,0,0,Phinney-Greenwood,Phinney-Green3,Nonfiction,Adult,Self Help/Health,Null,,English
2003,1,0,0,Phinney-Greenwood,Phinney-Green3,Nonfiction,Adult,Self Help/Health,Null,English,English
2006,1,0,0,Phinney-Greenwood,Phinney-Green3,Nonfiction,Adult,Self Help/Health,Null,English,English
1999,1,0,0,Phinney-Greenwood,Phinney-Green3,Nonfiction,Adult,Self Help/Health,Null,English,English
2004,1,0,0,Phinney-Greenwood,Phinney-Green3,Nonfiction,Adult,Self Help/Health,Null,English,English
1993,1,0,0,Phinney-Greenwood,Phinney-Green3,Nonfiction,Adult,Self Help/Health,Null,English,English
2001,1,0,0,Phinney-Greenwood,Phinney-Green3,Nonfiction,Adult,Self Help/Health,Null,English,English
1999,1,0,0,Phinney-Greenwood,Phinney-Green3,Nonfiction,Adult,Self Help/Health,Null,English,English
2004,1,0,0,Phinney-Greenwood,Phinney-Green3,Nonfiction,Adult,Self Help/Health,Null,English,English
1988,1,0,0,Phinney-Greenwood,Phinney-Green3,Nonfiction,Adult,Sports,Null,English,English
2001,1,0,0,Phinney-Greenwood,Phinney-Green3,Fiction,Adult,Thriller/Suspense,Null,English,English
2014,1,0,0,Phinney-Greenwood,Phinney-Green3,Fiction,Adult,Thriller/Suspense,Null,English,English
1995,1,0,0,Phinney-Greenwood,Phinney-Green3,Nonfiction,Adult,Travel,Null,English,German
2013,1,0,0,Phinney-Greenwood,Phinney-Green3,Fiction,Adult,Travel,Null,English,English
2012,1,0,0,Phinney-Greenwood,Phinney-Green4,Nonfiction,Adult,Anthology/Essays/Short stories,Null,English,
2018,1,0,0,Phinney-Greenwood,Phinney-Green4,Nonfiction,Adult,Cultural Studies,Null,English,English
2005,1,0,0,Phinney-Greenwood,Phinney-Green4,Nonfiction,Adult,Cultural Studies,Null,English,English
1993,1,0,0,Phinney-Greenwood,Phinney-Green4,Fiction,Adult,Mystery,Null,English,English
2011,1,0,0,Phinney-Greenwood,Phinney-Green4,Fiction,Adult,Mystery,Null,English,English
2002,1,0,0,Phinney-Greenwood,Phinney-Green4,Fiction,Adult,Mystery,Null,English,English
1998,1,0,0,Phinney-Greenwood,Phinney-Green4,Fiction,Adult,Mystery,Null,English,English
1998,1,0,0,Phinney-Greenwood,Phinney-Green4,Fiction,Adult,Mystery,Null,"English, Achinese",English
1966,1,0,0,Phinney-Greenwood,Phinney-Green4,Fiction,Adult,Mystery,Null,,
2017,1,0,0,Phinney-Greenwood,Phinney-Green4,Fiction,Adult,Mystery,Null,English,English
2014,1,0,0,Phinney-Greenwood,Phinney-Green4,Fiction,Adult,Novel,Null,English,English
2004,1,0,0,Phinney-Greenwood,Phinney-Green4,Fiction,Adult,Novel,Null,English,English
2001,1,0,0,Phinney-Greenwood,Phinney-Green4,Fiction,Adult,Novel,Null,English,English
2001,1,0,0,Phinney-Greenwood,Phinney-Green4,Fiction,Adult,Novel,Null,English,English
2012,1,0,0,Phinney-Greenwood,Phinney-Green4,Fiction,Adult,Novel,Null,English,English
2010,1,0,0,Phinney-Greenwood,Phinney-Green4,Fiction,Adult,Novel,Null,English,English
2006,1,1,0,Phinney-Greenwood,Phinney-Green4,Fiction,Adult,Novel,Null,English,English
2015,1,0,0,Phinney-Greenwood,Phinney-Green4,Fiction,Adult,Novel,Null,English,English
1999,1,1,0,Phinney-Greenwood,Phinney-Green4,Fiction,Adult,Novel,Null,English,English
2005,1,0,0,Phinney-Greenwood,Phinney-Green4,Fiction,Adult,Novel,Null,English,English
2001,1,0,0,Phinney-Greenwood,Phinney-Green4,Fiction,Adult,Novel,Null,English,English
2009,1,0,0,Phinney-Greenwood,Phinney-Green4,Fiction,Adult,Novel,Null,English,English
1990,1,1,0,Phinney-Greenwood,Phinney-Green4,Fiction,Adult,Poetry,Null,English,English
2015,1,0,0,Phinney-Greenwood,Phinney-Green4,Fiction,Adult,Romance,Null,English,English
2017,1,0,0,Phinney-Greenwood,Phinney-Green4,Fiction,Adult,Romance,Null,English,English
2016,1,0,0,Phinney-Greenwood,Phinney-Green4,Fiction,Adult,SciFi/Fantasy,Null,English,English
2007,1,0,0,Phinney-Greenwood,Phinney-Green4,Fiction,Adult,SciFi/Fantasy,Null,English,English
2001,1,0,1,Phinney-Greenwood,Phinney-Green4,Nonfiction,Adult,Self Help/Health,Null,English,English
1998,1,0,0,Phinney-Greenwood,Phinney-Green4,Fiction,Adult,Thriller/Suspense,Null,English,English
2014,1,0,0,Phinney-Greenwood,Phinney-Green4,Fiction,Adult,Thriller/Suspense,Null,English,English
2002,1,0,0,Phinney-Greenwood,Phinney-Green4,Fiction,Adult,Thriller/Suspense,Null,English,English
2017,1,0,0,Phinney-Greenwood,Phinney-Green4,Fiction,Adult,Thriller/Suspense,Null,English,English
2010,1,0,0,Phinney-Greenwood,Phinney-Green4,Fiction,Adult,Thriller/Suspense,Null,English,English
2018,1,0,0,Phinney-Greenwood,Phinney-Green4,Fiction,Adult,Thriller/Suspense,Null,English,English
2018,1,0,0,Phinney-Greenwood,Phinney-Green5,Fiction,Adult,Novel,Null,English,English
1993,1,0,0,Phinney-Greenwood,Phinney-Green5,Fiction,Adult,SciFi/Fantasy,SciFi/Fantasy,English,English
1992,1,0,0,Phinney-Greenwood,Phinney-Green5,Nonfiction,Adult,Self Help/Health,Null,English,English
1996,1,0,0,Phinney-Greenwood,Phinney-Green5,Nonfiction,Adult,Self Help/Health,Null,English,
1978,1,0,0,Phinney-Greenwood,Phinney-Green5,Nonfiction,Adult,Self Help/Health,Null,English,English
1986,1,0,0,Phinney-Greenwood,Phinney-Green5,Fiction,Adult,Thriller/Suspense,Null,English,English
2015,1,0,0,Phinney-Greenwood,Phinney-Green5,Fiction,Adult,Thriller/Suspense,Null,English,English
2003,1,0,0,Phinney-Greenwood,Phinney-Green5,Fiction,Adult,Thriller/Suspense,Null,English,English
1992,1,0,0,Phinney-Greenwood,Phinney-Green5,Fiction,Adult,Thriller/Suspense,Null,English,English
1973,1,0,0,Phinney-Greenwood,Phinney-Green5,Nonfiction,Adult,Travel,Null,,
2017,1,0,0,Queen Anne,QueenAnne1,Nonfiction,Adult,Biography/Autobiography/Memoir,Null,English,English
1949,1,0,0,Queen Anne,QueenAnne1,Nonfiction,Adult,Cookery,Null,,
1971,1,0,0,Queen Anne,QueenAnne1,Nonfiction,Adult,Cultural Studies,Null,English,English
1987,1,0,0,Queen Anne,QueenAnne1,Fiction,Adult,Novel,Null,English,English
2018,1,0,0,Queen Anne,QueenAnne1,Fiction,Adult,Novel,Null,English,English
2012,1,0,0,Queen Anne,QueenAnne1,Fiction,Adult,Novel,Null,English,English
2013,1,0,0,Queen Anne,QueenAnne1,Fiction,Adult,Novel,Null,English,English
1987,1,0,0,Queen Anne,QueenAnne1,Fiction,Adult,Novel,Null,English,English
2010,1,0,0,Queen Anne,QueenAnne1,Fiction,Adult,Thriller/Suspense,Null,English,English
1992,1,0,0,Queen Anne,QueenAnne1,Fiction,Adult,Thriller/Suspense,Null,English,English
2018,1,1,0,Queen Anne,QueenAnne2,Nonfiction,Adult,Cultural Studies,Anthology,English,English
2018,1,0,0,Queen Anne,QueenAnne2,Nonfiction,Adult,Cultural Studies,Null,English,English
1998,1,0,0,Queen Anne,QueenAnne2,Nonfiction,Adult,Cultural Studies,Null,English,English
2014,1,0,0,Queen Anne,QueenAnne2,Fiction,Adult,Novel,Null,English,English
1984,1,0,0,Queen Anne,QueenAnne2,Fiction,Adult,Novel,Null,English,English
1984,1,0,0,Queen Anne,QueenAnne2,Fiction,Adult,Novel,Null,English,English
1999,1,0,0,Queen Anne,QueenAnne2,Fiction,Adult,Novel,Null,English,English
2009,1,0,0,Queen Anne,QueenAnne2,Fiction,Adult,Thriller/Suspense,Null,English,English
2001,1,0,0,Queen Anne,QueenAnne3,Fiction,Adult,Anthology/Essays/Short stories,Null,English,English
1988,1,0,0,Queen Anne,QueenAnne3,Nonfiction,Adult,Biography/Autobiography/Memoir,Null,English,English
2009,1,0,0,Queen Anne,QueenAnne3,Nonfiction,Adult,Cultural Studies,Null,English,English
2004,1,0,0,Queen Anne,QueenAnne3,Nonfiction,Adult,Cultural Studies,Null,English,English
1994,1,0,0,Queen Anne,QueenAnne3,Fiction,Adult,Mystery,Null,English,English
2018,1,0,0,Queen Anne,QueenAnne3,Fiction,Adult,Novel,Null,English,English
2004,1,0,0,Queen Anne,QueenAnne3,Fiction,Adult,Novel,Null,English,English
2001,1,0,0,Queen Anne,QueenAnne3,Fiction,Adult,novel,Null,English,English
2009,1,0,0,Queen Anne,QueenAnne3,Fiction,Adult,Novel,Null,English,English
1990,1,0,0,Queen Anne,QueenAnne3,Fiction,Adult,Romance,Null,English,English
2003,1,0,0,Queen Anne,QueenAnne3,Fiction,Adult,SciFi/Fantasy,Null,English,English
1999,1,0,0,Queen Anne,QueenAnne3,Fiction,Adult,SciFi/Fantasy,Null,English,English
1979,1,0,0,Queen Anne,QueenAnne3,Fiction,Adult,Thriller/Suspense,Null,English,English
2002,1,0,0,Queen Anne,QueenAnne3,Fiction,Adult,Thriller/Suspense,Null,English,English
2015,1,0,0,Queen Anne,QueenAnne3,Fiction,Adult,Thriller/Suspense,Null,English,English
1998,1,0,0,Queen Anne,QueenAnne4,Fiction,Adult,Anthology/Essays/Short stories,Null,English,English
2015,1,1,0,Queen Anne,QueenAnne4,Nonfiction,Adult,Biography/Autobiography/Memoir,Null,English,English
2009,1,1,0,Queen Anne,QueenAnne4,Fiction,Adult,Classics,Novel,Spanish,Spanish
1977,1,1,0,Queen Anne,QueenAnne4,Fiction,Adult,Classics,Religion,English,English
2018,1,1,0,Queen Anne,QueenAnne4,Nonfiction,Adult,Cultural Studies,Null,English,English
1993,1,0,0,Queen Anne,QueenAnne4,Fiction,Adult,Drama,Null,English,English
2004,1,1,0,Queen Anne,QueenAnne4,Nonfiction,Adult,Graphic/Manga,Null,English,English
2000,1,0,0,Queen Anne,QueenAnne4,Fiction,Adult,Mystery,Null,English,English
1991,1,0,0,Queen Anne,QueenAnne4,Fiction,Adult,Mystery,Null,English,English
2013,1,0,0,Queen Anne,QueenAnne4,Fiction,Adult,Mystery,Null,English,English
1996,1,0,0,Queen Anne,QueenAnne4,Fiction,Adult,Mystery,Null,English,English
2008,1,0,0,Queen Anne,QueenAnne4,Fiction,Adult,Novel,Null,English,English
2002,1,0,0,Queen Anne,QueenAnne4,Fiction,Adult,Novel,Null,English,English
1996,1,0,0,Queen Anne,QueenAnne4,Fiction,Adult,Novel,Null,English,English
2000,1,0,0,Queen Anne,QueenAnne4,Fiction,Adult,Novel,Religion,English,English
1976,1,0,0,Queen Anne,QueenAnne4,Fiction,Adult,Romance,Null,English,English
2003,1,0,0,Queen Anne,QueenAnne4,Fiction,Adult,Romance,Null,English,English
2011,1,0,0,Queen Anne,QueenAnne4,Fiction,Adult,SciFi/Fantasy,Null,English,English
2000,1,0,0,Queen Anne,QueenAnne4,Fiction,Adult,Thriller/Suspense,Null,English,English
2005,1,0,0,Queen Anne,QueenAnne4,Fiction,Adult,Thriller/Suspense,Null,English,English
2003,1,0,0,Queen Anne,QueenAnne4,Fiction,Adult,Thriller/Suspense,Null,English,English
1985,1,0,0,Queen Anne,QueenAnne4,Fiction,Adult,Thriller/Suspense,Null,English,English
2000,1,0,0,Queen Anne,QueenAnne5,Nonfiction,Adult,Biography/Autobiography/Memoir,Null,English,English
2000,1,0,0,Queen Anne,QueenAnne5,Fiction,Adult,Classics,Null,English,English
2006,1,0,0,Queen Anne,QueenAnne5,Nonfiction,Adult,Cookery,Null,English,English
1996,1,0,0,Queen Anne,QueenAnne5,Fiction,Adult,Mystery,Null,English,English
2006,1,0,0,Queen Anne,QueenAnne5,Fiction,Adult,Mystery,Null,English,English
2014,1,0,0,Queen Anne,QueenAnne5,Fiction,Adult,Mystery,Null,English,English
2004,1,0,0,Queen Anne,QueenAnne5,Fiction,Adult,Mystery,Null,English,English
1998,1,0,0,Queen Anne,QueenAnne5,Fiction,Adult,Novel,Null,English,English
2011,1,0,0,Queen Anne,QueenAnne5,Fiction,Adult,Novel,Null,English,English
2018,1,0,0,Queen Anne,QueenAnne5,Fiction,Adult,Novel,Null,English,English
1982,1,0,0,Queen Anne,QueenAnne5,Fiction,Adult,SciFi/Fantasy,Null,English,English
2010,1,0,0,Queen Anne,QueenAnne5,Nonfiction,Adult,Self Help/Health,Null,English,English
2006,1,0,0,Queen Anne,QueenAnne5,Nonfiction,Adult,Self Help/Health,Null,English,English
1980,1,0,0,Queen Anne,QueenAnne5,Nonfiction,Adult,Sports,Null,,
2002,1,0,0,Queen Anne,QueenAnne5,Fiction,Adult,Thriller/Suspense,Null,English,English
2017,1,0,0,Ravenna,Ravenna1,Nonfiction,Adult,History,Null,English,English
2000,1,0,0,Ravenna,Ravenna1,Fiction,Adult,Mystery,Null,English,English
1993,1,0,0,Ravenna,Ravenna1,Fiction,Adult,Mystery,Null,English,English
2000,1,0,0,Ravenna,Ravenna1,Fiction,Adult,Mystery,Null,English,English
2011,1,0,0,Ravenna,Ravenna1,Fiction,Adult,Mystery,Null,English,English
1976,1,0,0,Ravenna,Ravenna1,Fiction,Adult,Novel,Null,English,English
1976,1,0,0,Ravenna,Ravenna1,Fiction,Adult,Novel,Null,English,English
2019,1,0,0,Ravenna,Ravenna1,Fiction,Adult,Poetry,Null,English,English
2007,1,0,0,Ravenna,Ravenna1,Nonfiction,Adult,Religion,Null,English,English
2013,1,0,0,Ravenna,Ravenna1,Fiction,Adult,SciFi/Fantasy,Null,English,English
2019,1,0,0,Ravenna,Ravenna1,Fiction,Adult,Thriller/Suspense,Null,English,English
1989,1,0,0,Ravenna,Ravenna2,Fiction,Adult,Anthology/Essays/Short stories,Null,English,English
1994,1,0,0,Ravenna,Ravenna2,Nonfiction,Adult,Biography/Autobiography/Memoir,Null,English,English
1991,1,0,0,Ravenna,Ravenna2,Nonfiction,Adult,Cultural Studies,Null,English,English
2011,1,0,0,Ravenna,Ravenna2,Nonfiction,Adult,Music,Null,English,
2002,1,0,0,Ravenna,Ravenna2,Fiction,Adult,Mystery,Null,English,English
2000,1,0,0,Ravenna,Ravenna2,Fiction,Adult,Mystery,Null,English,English
2000,1,0,0,Ravenna,Ravenna2,Fiction,Adult,Mystery,Null,English,English
2005,1,1,0,Ravenna,Ravenna2,Fiction,Adult,Mystery,Null,English,English
2009,1,0,0,Ravenna,Ravenna2,Fiction,Adult,Mystery,Null,English,English
1994,1,0,0,Ravenna,Ravenna2,Fiction,Adult,Mystery,Null,English,English
1997,1,0,0,Ravenna,Ravenna2,Fiction,Adult,Mystery,Null,English,English
2005,1,0,0,Ravenna,Ravenna2,Nonfiction,Adult,Nature/Gardening,Null,English,English
2005,1,0,0,Ravenna,Ravenna2,Fiction,Adult,Novel,Null,English,English
2016,1,1,0,Ravenna,Ravenna2,Fiction,Adult,Novel,Null,English,English
2005,1,0,0,Ravenna,Ravenna2,Fiction,Adult,Novel,Null,English,English
1998,1,0,0,Ravenna,Ravenna2,Fiction,Adult,Novel,Null,English,English
1998,1,1,0,Ravenna,Ravenna2,Fiction,Adult,Novel,Null,English,English
1998,1,0,0,Ravenna,Ravenna2,Fiction,Adult,Poetry,Null,English,English
2017,1,0,0,Ravenna,Ravenna2,Fiction,Adult,Romance,Null,English,English
1990,1,0,0,Ravenna,Ravenna2,Fiction,Adult,Romance,Null,English,English
2001,1,0,0,Ravenna,Ravenna2,Fiction,Adult,Romance,Null,English,English
1987,1,0,0,Ravenna,Ravenna2,Fiction,Adult,Romance,Null,English,English
2006,1,0,0,Ravenna,Ravenna2,Fiction,Adult,Romance,Null,English,English
2005,1,0,0,Ravenna,Ravenna2,Fiction,Adult,Romance,Null,English,English
1996,1,0,0,Ravenna,Ravenna2,Fiction,Adult,Romance,Null,English,English
1978,1,0,0,Ravenna,Ravenna2,Fiction,Adult,Romance,Null,English,
1997,1,0,0,Ravenna,Ravenna2,Nonfiction,Adult,Science,Null,English,English
1994,1,0,0,Ravenna,Ravenna2,Fiction,Adult,SciFi/Fantasy,Null,English,English
2011,1,0,0,Ravenna,Ravenna2,Fiction,Adult,SciFi/Fantasy,Null,English,English
2016,1,0,0,Ravenna,Ravenna2,Fiction,Adult,SciFi/Fantasy,Null,English,
2001,1,0,0,Ravenna,Ravenna2,Fiction,Adult,Thriller/Suspense,Null,English,English
1988,1,0,0,Ravenna,Ravenna2,Fiction,Adult,Thriller/Suspense,Null,English,English
2007,1,0,0,Ravenna,Ravenna3,Nonfiction,Adult,Biography/Autobiography/Memoir,Business/Technology,English,English
2012,1,0,0,Ravenna,Ravenna3,Nonfiction,Adult,Biography/Autobiography/Memoir,Graphic/Manga,English,English
1991,1,0,0,Ravenna,Ravenna3,Nonfiction,Adult,Cookery,Null,English,English
2008,1,0,0,Ravenna,Ravenna3,Fiction,Adult,Graphic/Manga,Null,,
2014,1,0,0,Ravenna,Ravenna3,Fiction,Adult,Mystery,Novel,English,English
1999,1,0,0,Ravenna,Ravenna3,Fiction,Adult,Mystery,Null,English,English
2016,1,0,0,Ravenna,Ravenna3,Fiction,Adult,Novel,Null,English,English
1990,1,1,0,Ravenna,Ravenna3,Fiction,Adult,Novel,Null,English,Japanese
2009,1,0,0,Ravenna,Ravenna3,Fiction,Adult,Novel,Null,English,English
2014,1,0,0,Ravenna,Ravenna3,Fiction,Adult,Romance,Novel,English,English
2008,1,0,0,Ravenna,Ravenna3,Nonfiction,Adult,Science,Null,English,English
2003,1,0,0,Ravenna,Ravenna3,Fiction,Adult,SciFi/Fantasy,Novel,English,English
2002,1,0,0,Ravenna,Ravenna3,Nonfiction,Adult,Self Help/Health,Null,English,English
2016,1,0,0,Ravenna,Ravenna3,Nonfiction,Adult,Sports,Null,English,English
2004,1,0,0,Ravenna,Ravenna3,Nonfiction,Adult,Travel,Null,English,English
2009,1,0,0,Ravenna,Ravenna4,Fiction,Adult,Classics,Null,English,English
2004,1,1,0,Ravenna,Ravenna4,Nonfiction,Adult,Cultural Studies,Null,English,English
1997,1,0,0,Ravenna,Ravenna4,Fiction,Adult,History,Novel,English,English
1984,1,0,0,Ravenna,Ravenna4,Fiction,Adult,History,Novel,English,English
1994,1,0,0,Ravenna,Ravenna4,Fiction,Adult,Mystery,Null,English,English
2000,1,0,0,Ravenna,Ravenna4,Fiction,Adult,Mystery,Null,English,English
1987,1,0,0,Ravenna,Ravenna4,Fiction,Adult,Mystery,Null,English,English
2008,1,0,0,Ravenna,Ravenna4,Fiction,Adult,Novel,Null,English,English
2017,1,0,0,Ravenna,Ravenna4,Fiction,Adult,Novel,Null,English,English
2011,1,0,0,Ravenna,Ravenna4,Nonfiction,Adult,Thriller/Suspense,Null,English,English
1992,1,0,0,Ravenna,Ravenna4,Fiction,Adult,Thriller/Suspense,Null,English,English
1971,1,0,0,Ravenna,Ravenna5,Nonfiction,Adult,Cookery,Null,English,English
1961,1,0,0,Ravenna,Ravenna5,Nonfiction,Adult,History,Null,English,English
2000,1,0,0,Ravenna,Ravenna5,Fiction,Adult,Mystery,Null,English,English
2012,1,0,0,Ravenna,Ravenna5,Fiction,Adult,Mystery,Null,English,English
1994,1,0,0,Ravenna,Ravenna5,Fiction,Adult,Mystery,Null,English,English
2015,1,1,0,Ravenna,Ravenna5,Fiction,Adult,Novel,Religion,English,English
2012,1,0,0,Ravenna,Ravenna5,Fiction,Adult,Novel,Null,English,English
1990,1,0,0,Ravenna,Ravenna5,Fiction,Adult,SciFi/Fantasy,Null,English,English
1991,1,0,0,Ravenna,Ravenna5,Fiction,Adult,SciFi/Fantasy,Null,English,English
1984,1,0,0,Ravenna,Ravenna5,Fiction,Adult,SciFi/Fantasy,Null,English,English
1977,1,0,0,Ravenna,Ravenna5,Fiction,Adult,SciFi/Fantasy,Null,English,English
1971,1,0,0,Ravenna,Ravenna5,Fiction,Adult,SciFi/Fantasy,Null,English,English
1984,1,0,0,Ravenna,Ravenna5,Nonfiction,Adult,Self Help/Health,Null,English,English
1974,1,0,0,Ravenna,Ravenna5,Nonfiction,Adult,Self Help/Health,Null,English,
1976,1,0,0,Ravenna,Ravenna5,Fiction,Adult,Thriller/Suspense,Null,English,English
1937,1,0,0,Ravenna,Ravenna6,Fiction,Adult,Classics,Null,English,English
1971,1,0,0,Ravenna,Ravenna6,Nonfiction,Adult,History,Null,English,English
1995,1,0,0,Ravenna,Ravenna6,Fiction,Adult,Mystery,Null,English,English
2017,1,0,0,Ravenna,Ravenna6,Fiction,Adult,Novel,Null,English,English
2015,1,1,0,Ravenna,Ravenna6,Fiction,Adult,Novel,Null,English,English
2017,1,0,0,Ravenna,Ravenna6,Fiction,Adult,Novel,Null,English,English
2007,1,0,0,Ravenna,Ravenna6,Fiction,Adult,Novel,Null,English,English
1998,1,0,0,Ravenna,Ravenna6,Nonfiction,Adult,Self Help/Health,Null,English,English
2010,1,0,0,Ravenna,Ravenna6,Nonfiction,Adult,Self Help/Health,Null,English,English
2014,1,0,0,Ravenna,Ravenna6,Fiction,Adult,Thriller/Suspense,Null,English,English
2018,1,0,0,Ravenna,Ravenna6,Fiction,Adult,Thriller/Suspense,Null,English,English
1972,1,0,0,Ravenna,Ravenna6,Nonfiction,Adult,Travel,Null,English,English
1998,1,0,0,Central District,CentralDistrict3,Nonfiction,Childrens,Null,Self Help/Health,English,English
2002,1,0,0,Central District,CentralDistrict3,Nonfiction,Childrens,Null,Null,English,English
2008,1,0,0,Central District,CentralDistrict3,Fiction,Childrens,Null,Null,English,English
1997,1,0,0,Central District,CentralDistrict3,Fiction,Childrens,Null,Null,English,English
2007,1,0,0,Central District,CentralDistrict3,Fiction,Childrens,Null,Null,English,English
2006,1,0,0,Central District,CentralDistrict4,Fiction,Childrens,Null,Null,English,English
1986,1,0,0,Columbia City,ColumbiaCity3,Fiction,Childrens,Null,Null,English,English
2010,1,0,0,Columbia City,ColumbiaCity3,Fiction,Childrens,Null,Null,English,English
2011,1,0,0,Columbia City,ColumbiaCity3,Fiction,Childrens,Null,Null,English,English
1981,1,0,0,Columbia City,ColumbiaCity3,Fiction,Childrens,Null,Null,English,English
2008,1,0,0,Columbia City,ColumbiaCity3,Fiction,Childrens,Null,Null,English,English
1981,1,0,0,Columbia City,ColumbiaCity3,Fiction,Childrens,Null,Null,,English
1990,1,0,0,Columbia City,ColumbiaCity3,Fiction,Childrens,Null,Null,English,English
2006,1,0,0,Columbia City,ColumbiaCity4,Fiction,Childrens,Null,Null,English,English
1982,1,0,0,Laurelhurst,Laurelhurst1,Fiction,Childrens,Null,Null,English,English
2006,1,0,0,Laurelhurst,Laurelhurst2,Fiction,Childrens,Null,Null,English,English
1990,1,0,0,Laurelhurst,Laurelhurst2,Fiction,Childrens,Null,Null,English,English
1986,1,0,0,Laurelhurst,Laurelhurst5,Nonfiction,Childrens,Null,Null,English,English
1989,1,0,0,Laurelhurst,Laurelhurst5,Nonfiction,Childrens,Null,Null,English,English
2005,1,0,0,Northgate,Northgate3,Fiction,Childrens,Null,Null,English,English
2002,1,0,0,Northgate,Northgate3,Fiction,Childrens,Null,Null,English,English
2007,1,0,0,Phinney-Greenwood,Phinney-Green3,Fiction,Childrens,Null,Null,English,English
2001,1,0,0,Phinney-Greenwood,Phinney-Green3,Fiction,Childrens,Null,Null,English,English
1978,1,0,0,Phinney-Greenwood,Phinney-Green4,Fiction,Childrens,Null,Null,English,English
1988,1,0,0,Phinney-Greenwood,Phinney-Green4,Fiction,Childrens,Null,Null,English,English
2008,1,0,0,Phinney-Greenwood,Phinney-Green4,Fiction,Childrens,Null,Null,English,English
2004,1,0,0,Phinney-Greenwood,Phinney-Green4,Fiction,Childrens,Null,Null,English,English
2013,1,0,0,Phinney-Greenwood,Phinney-Green4,Fiction,Childrens,Religion,Null,English,English
2000,1,0,0,Phinney-Greenwood,Phinney-Green5,Fiction,Childrens,Null,Null,English,English
1988,1,0,0,Queen Anne,QueenAnne3,Fiction,Childrens,Null,Null,English,English
2018,1,0,0,Queen Anne,QueenAnne3,Fiction,Childrens,Null,Null,English,English
2016,1,0,0,Queen Anne,QueenAnne3,Fiction,Childrens,Null,Null,English,English
1997,1,0,0,Queen Anne,QueenAnne4,Fiction,Childrens,Null,Null,English,English
1988,1,0,0,Queen Anne,QueenAnne4,Fiction,Childrens,Null,Null,English,English
2013,1,0,0,Queen Anne,QueenAnne5,Fiction,Childrens,Null,Null,English,English
1988,1,0,0,Ravenna,Ravenna1,Fiction,Childrens,Null,Null,English,English
2000,1,0,0,Ravenna,Ravenna1,Fiction,Childrens,Null,Null,English,English
2018,1,0,0,Ravenna,Ravenna1,Fiction,Childrens,Null,Null,English,English
2010,1,0,0,Ravenna,Ravenna3,Fiction,Childrens,Null,Null,English,English
2007,1,0,0,Ravenna,Ravenna3,Fiction,Childrens,Null,Null,English,English
2009,1,0,0,Ravenna,Ravenna4,Fiction,Childrens,Null,Null,English,English
2007,1,0,0,Ravenna,Ravenna4,Fiction,Childrens,Null,Null,English,English
2012,1,0,0,Ravenna,Ravenna4,Fiction,Childrens,Null,Null,English,English
2009,1,0,0,Ravenna,Ravenna4,Fiction,Childrens,Null,Null,English,English
2009,1,0,0,Central District,CentralDistrict3,Fiction,Childrens,Null,Null,English,English
2002,1,0,0,Central District,CentralDistrict3,Fiction,Childrens,Null,Null,English,English
1997,1,0,0,Central District,CentralDistrict3,Fiction,Childrens,Null,Null,English,English
2004,1,0,0,Central District,CentralDistrict3,Fiction,Childrens,Null,Null,English,English
2005,1,0,0,Central District,CentralDistrict3,Nonfiction,Childrens,Null,Null,English,English
2013,1,0,0,Central District,CentralDistrict3,Fiction,Childrens,Null,Null,English,English
1999,1,0,0,Central District,CentralDistrict3,Fiction,Childrens,Null,Null,English,English
2005,1,0,0,Central District,CentralDistrict3,Fiction,Childrens,Null,Null,,English
2011,1,0,0,Central District,CentralDistrict4,Fiction,Childrens,Null,Null,English,English
2006,1,0,0,Central District,CentralDistrict4,Fiction,Childrens,Null,Null,English,English
1997,1,0,0,Central District,CentralDistrict4,Fiction,Childrens,Null,Null,English,English
1982,1,0,0,Central District,CentralDistrict4,Fiction,Childrens,Null,Null,,
2000,1,0,0,Central District,CentralDistrict4,Nonfiction,Childrens,Null,Null,English,English
1999,1,0,0,Central District,CentralDistrict4,Fiction,Childrens,Null,Null,German,German
2001,1,0,0,Central District,CentralDistrict4,Nonfiction,Childrens,Religion,Null,"English, Spanish",English
2013,1,0,0,Columbia City,ColumbiaCity1,Fiction,Childrens,Null,Null,English,English
2007,1,0,0,Columbia City,ColumbiaCity3,Fiction,Childrens,Null,Null,English,English
2005,1,0,0,Columbia City,ColumbiaCity4,Fiction,Childrens,Null,Null,English,English
2005,1,0,0,Columbia City,ColumbiaCity4,Fiction,Childrens,Null,Null,"English, Italian",English
2006,1,0,0,Columbia City,ColumbiaCity4,Fiction,Childrens,Null,Null,English,English
2005,1,0,0,Columbia City,ColumbiaCity4,Fiction,Childrens,Null,Null,English,English
2011,1,0,0,Columbia City,ColumbiaCity4,Fiction,Childrens,Null,Null,English,English
2005,1,0,0,Laurelhurst,Laurelhurst1,Fiction,Childrens,Null,Null,English,English
2002,1,0,0,Laurelhurst,Laurelhurst3,Fiction,Childrens,Null,Null,English,English
1999,1,0,0,Laurelhurst,Laurelhurst3,Fiction,Childrens,Null,Null,English,English
2003,1,0,0,Laurelhurst,Laurelhurst3,Fiction,Childrens,Null,Null,English,English
2000,1,0,0,Laurelhurst,Laurelhurst3,Fiction,Childrens,Null,Null,English,English
1999,1,0,0,Laurelhurst,Laurelhurst3,Fiction,Childrens,Null,Null,English,English
1999,1,0,0,Laurelhurst,Laurelhurst3,Fiction,Childrens,Null,Null,English,English
1986,1,0,0,Laurelhurst,Laurelhurst4,Fiction,Childrens,Null,Null,English,English
1998,1,0,0,Laurelhurst,Laurelhurst5,Fiction,Childrens,Null,Null,English,English
2012,1,0,0,Laurelhurst,Laurelhurst5,Fiction,Childrens,Null,Null,English,English
2014,1,0,0,Laurelhurst,Laurelhurst5,Nonfiction,Childrens,Null,Null,English,English
2004,1,0,0,Laurelhurst,Laurelhurst5,Fiction,Childrens,Null,Null,English,English
1998,1,0,0,Laurelhurst,Laurelhurst5,Fiction,Childrens,Null,Null,English,English
1982,1,0,0,Laurelhurst,Laurelhurst5,Nonfiction,Childrens,Religion,Null,English,English
2003,1,0,0,Laurelhurst,Laurelhurst6,Nonfiction,Childrens,Null,Null,English,English
2006,1,0,0,Montlake,Montlake4,Fiction,Childrens,Null,Null,English,English
2000,1,0,0,Montlake,Montlake5,Fiction,Childrens,Null,Null,English,English
2011,1,1,0,Montlake,Montlake5,Fiction,Childrens,Null,Null,Thai,Thai
2013,1,0,0,Northgate,Northgate1,Fiction,Childrens,Null,Null,English,English
2017,1,0,0,Northgate,Northgate1,Fiction,Childrens,Null,Null,English,English
1999,1,0,0,Northgate,Northgate1,Nonfiction,Childrens,Null,Null,English,English
2007,1,0,0,Northgate,Northgate1,Fiction,Childrens,Null,Null,English,English
2001,1,0,0,Northgate,Northgate1,Fiction,Childrens,Null,Null,English,English
1999,1,0,0,Northgate,Northgate1,Fiction,Childrens,Null,Null,English,English
1989,1,0,0,Northgate,Northgate1,Fiction,Childrens,Null,Null,English,English
2010,1,0,0,Northgate,Northgate1,Nonfiction,Childrens,Null,Null,English,English
1998,1,0,0,Northgate,Northgate1,Fiction,Childrens,Null,Null,English,English
2012,1,0,0,Northgate,Northgate2,Fiction,Childrens,Null,Null,English,English
1965,1,0,0,Northgate,Northgate2,Fiction,Childrens,Null,Null,English,English
2018,1,0,0,Northgate,Northgate2,Fiction,Childrens,Null,Null,English,English
2007,1,0,0,Northgate,Northgate2,Fiction,Childrens,Null,Null,English,English
1999,1,0,0,Northgate,Northgate3,Nonfiction,Childrens,Null,Null,"English, Undetermined",English
2002,1,0,0,Northgate,Northgate3,Nonfiction,Childrens,Null,Null,English,English
1995,1,0,0,Northgate,Northgate3,Fiction,Childrens,Null,Null,English,English
1996,1,0,0,Northgate,Northgate3,Fiction,Childrens,Null,Null,English,English
1960,1,0,0,Northgate,Northgate3,Fiction,Childrens,Null,Null,English,
2014,1,0,0,Northgate,Northgate3,Fiction,Childrens,Null,Null,English,English
2002,1,0,0,Northgate,Northgate3,Nonfiction,Childrens,Null,Null,English,English
1987,1,0,0,Northgate,Northgate3,Nonfiction,Childrens,Null,Null,English,English
2003,1,0,0,Northgate,Northgate3,Fiction,Childrens,Null,Null,English,English
2004,1,0,0,Northgate,Northgate3,Nonfiction,Childrens,Null,Null,English,
2006,1,0,0,Northgate,Northgate3,Nonfiction,Childrens,Null,Null,English,English
1994,1,0,0,Northgate,Northgate3,Nonfiction,Childrens,Null,Null,English,English
2005,1,0,0,Northgate,Northgate3,Nonfiction,Childrens,Null,Null,English,English
1975,1,0,1,Northgate,Northgate3,Fiction,Childrens,Null,Null,English,
2004,1,0,0,Northgate,Northgate3,Nonfiction,Childrens,Null,Null,English,English
2011,1,0,0,Northgate,Northgate3,Nonfiction,Childrens,Null,Null,English,English
2014,1,0,0,Northgate,Northgate3,Nonfiction,Childrens,Null,Null,English,
2014,1,0,0,Northgate,Northgate3,Fiction,Childrens,Null,Null,,English
2014,1,0,0,Northgate,Northgate3,Fiction,Childrens,Null,Null,,English
2007,1,0,0,Northgate,Northgate3,Fiction,Childrens,Null,Null,English,English
1982,1,0,0,Northgate,Northgate3,Nonfiction,Childrens,Null,Null,English,English
2004,1,0,0,Northgate,Northgate3,Fiction,Childrens,Null,Null,English,English
2009,1,0,0,Northgate,Northgate3,Nonfiction,Childrens,Null,Null,English,English
2009,1,0,0,Northgate,Northgate3,Nonfiction,Childrens,Null,Null,English,English
1999,1,0,0,Northgate,Northgate3,Nonfiction,Childrens,Null,Null,English,English
2016,1,0,1,Northgate,Northgate3,Fiction,Childrens,Null,Null,English,English
1997,1,0,0,Northgate,Northgate3,Fiction,Childrens,Null,Null,English,English
2014,1,0,0,Northgate,Northgate3,Fiction,Childrens,Null,Null,English,English
2014,1,0,0,Northgate,Northgate3,Fiction,Childrens,Null,Null,,English
2007,1,0,0,Northgate,Northgate3,Fiction,Childrens,Null,Null,English,English
2003,1,0,0,Northgate,Northgate3,Fiction,Childrens,Null,Null,English,English
2007,1,0,0,Northgate,Northgate3,Fiction,Childrens,Null,Null,English,English
2004,1,0,0,Northgate,Northgate3,Fiction,Childrens,Null,Null,English,English
2009,1,0,0,Northgate,Northgate3,Nonfiction,Childrens,Null,Null,English,English
1982,1,0,0,Northgate,Northgate3,Fiction,Childrens,Null,Null,English,English
1999,1,0,0,Northgate,Northgate3,Fiction,Childrens,Null,Null,English,English
1997,1,0,0,Northgate,Northgate3,Nonfiction,Childrens,Null,Null,English,English
2015,1,0,0,Northgate,Northgate3,Nonfiction,Childrens,Null,Null,English,English
1991,1,0,0,Northgate,Northgate3,Fiction,Childrens,Null,Null,English,English
1984,1,0,0,Northgate,Northgate3,Fiction,Childrens,Null,Null,,
1992,1,0,0,Northgate,Northgate3,Fiction,Childrens,Null,Null,English,English
1991,1,0,0,Northgate,Northgate3,Fiction,Childrens,Null,Null,English,English
1991,1,0,0,Northgate,Northgate3,Nonfiction,Childrens,Null,Null,English,English
2001,1,0,0,Northgate,Northgate3,Fiction,Childrens,Null,Null,English,English
2015,1,0,0,Northgate,Northgate3,Fiction,Childrens,Null,Null,English,English
1999,1,0,0,Northgate,Northgate3,Nonfiction,Childrens,Null,Null,English,English
2012,1,0,0,Northgate,Northgate3,Nonfiction,Childrens,Null,Null,English,English
1971,1,0,0,Northgate,Northgate3,Fiction,Childrens,Null,Null,English,English
2011,1,0,0,Northgate,Northgate3,Fiction,Childrens,Null,Null,English,
2018,1,0,0,Northgate,Northgate3,Fiction,Childrens,Null,Null,,
2011,1,0,0,Northgate,Northgate3,Fiction,Childrens,Null,Null,English,English
1991,1,0,0,Northgate,Northgate3,Nonfiction,Childrens,Null,Null,English,English
2002,1,0,0,Northgate,Northgate3,Fiction,Childrens,Null,Null,English,English
1970,1,0,0,Northgate,Northgate3,Fiction,Childrens,Null,Null,,English
1989,1,0,0,Northgate,Northgate3,Fiction,Childrens,Null,Null,English,English
1999,1,0,0,Northgate,Northgate3,Fiction,Childrens,Null,Null,English,English
2003,1,0,0,Northgate,Northgate3,Fiction,Childrens,Null,Null,English,English
2014,1,0,0,Northgate,Northgate5,Fiction,Childrens,Null,Null,English,English
2013,1,0,0,Phinney-Greenwood,Phinney-Green2,Fiction,Childrens,Null,Null,English,English
2014,1,1,0,Phinney-Greenwood,Phinney-Green2,Fiction,Childrens,Null,Null,Spanish,
2003,1,0,0,Phinney-Greenwood,Phinney-Green2,Fiction,Childrens,Null,Null,English,
1988,1,0,0,Phinney-Greenwood,Phinney-Green2,Fiction,Childrens,Null,Null,English,English
1987,1,1,0,Phinney-Greenwood,Phinney-Green2,Fiction,Childrens,Null,Null,,
1987,1,0,0,Phinney-Greenwood,Phinney-Green3,Nonfiction,Childrens,Null,Null,English,English
2018,1,0,0,Phinney-Greenwood,Phinney-Green3,Fiction,Childrens,Null,Null,English,English
2014,1,0,0,Phinney-Greenwood,Phinney-Green3,Fiction,Childrens,Null,Null,English,English
2016,1,0,0,Phinney-Greenwood,Phinney-Green3,Fiction,Childrens,Null,Null,English,English
1976,1,0,0,Phinney-Greenwood,Phinney-Green3,Fiction,Childrens,Null,Null,English,English
2009,1,0,0,Phinney-Greenwood,Phinney-Green3,Fiction,Childrens,Null,Null,English,English
2012,1,0,0,Phinney-Greenwood,Phinney-Green3,Fiction,Childrens,Null,Null,English,English
2014,1,0,1,Phinney-Greenwood,Phinney-Green3,Fiction,Childrens,Null,Null,English,English
2014,1,0,0,Phinney-Greenwood,Phinney-Green3,Fiction,Childrens,Null,Null,English,English
1987,1,0,0,Phinney-Greenwood,Phinney-Green3,Nonfiction,Childrens,Null,Null,English,English
1987,1,0,0,Phinney-Greenwood,Phinney-Green3,Nonfiction,Childrens,Null,Null,English,English
1987,1,0,0,Phinney-Greenwood,Phinney-Green3,Fiction,Childrens,Null,Null,English,English
2017,1,0,0,Phinney-Greenwood,Phinney-Green3,Fiction,Childrens,Null,Null,English,English
2017,1,0,0,Phinney-Greenwood,Phinney-Green3,Fiction,Childrens,Null,Null,English,English
2000,1,0,0,Phinney-Greenwood,Phinney-Green3,Fiction,Childrens,Null,Null,English,English
1985,1,0,0,Phinney-Greenwood,Phinney-Green3,Fiction,Childrens,Null,Null,English,English
1993,1,0,0,Phinney-Greenwood,Phinney-Green3,Fiction,Childrens,Null,Null,English,English
2015,1,0,0,Phinney-Greenwood,Phinney-Green3,Fiction,Childrens,Null,Null,English,English
1974,1,0,0,Phinney-Greenwood,Phinney-Green4,Fiction,Childrens,Null,Null,English,
2003,1,0,0,Phinney-Greenwood,Phinney-Green4,Fiction,Childrens,Null,Null,,English
1981,1,0,0,Phinney-Greenwood,Phinney-Green4,Fiction,Childrens,Null,Null,English,English
2006,1,0,0,Phinney-Greenwood,Phinney-Green4,Fiction,Childrens,Null,Null,English,English
2018,1,0,0,Phinney-Greenwood,Phinney-Green4,Fiction,Childrens,Null,Null,English,English
2005,1,0,0,Phinney-Greenwood,Phinney-Green4,Fiction,Childrens,Null,Null,English,English
2004,1,0,0,Phinney-Greenwood,Phinney-Green4,Fiction,Childrens,Null,Null,English,English
2008,1,0,0,Phinney-Greenwood,Phinney-Green4,Fiction,Childrens,Null,Null,English,English
2005,1,1,0,Phinney-Greenwood,Phinney-Green4,Fiction,Childrens,Null,Null,English,English
1999,1,0,0,Phinney-Greenwood,Phinney-Green4,Fiction,Childrens,Null,Null,English,English
2001,1,0,0,Phinney-Greenwood,Phinney-Green4,Fiction,Childrens,Null,Null,English,English
1999,1,0,0,Phinney-Greenwood,Phinney-Green4,Fiction,Childrens,Null,Null,English,
1959,1,0,0,Phinney-Greenwood,Phinney-Green4,Fiction,Childrens,Null,Null,English,English
2008,1,0,0,Phinney-Greenwood,Phinney-Green4,Fiction,Childrens,Null,Null,English,
2003,1,0,0,Phinney-Greenwood,Phinney-Green4,Fiction,Childrens,Null,Null,English,English
1978,1,0,0,Phinney-Greenwood,Phinney-Green4,Fiction,Childrens,Null,Null,English,English
2003,1,0,0,Phinney-Greenwood,Phinney-Green4,Fiction,Childrens,Null,Null,English,English
1979,1,0,0,Phinney-Greenwood,Phinney-Green4,Fiction,Childrens,Null,Null,English,English
1964,1,0,0,Phinney-Greenwood,Phinney-Green4,Fiction,Childrens,Religion,Null,English,English
2003,1,0,0,Phinney-Greenwood,Phinney-Green5,Fiction,Childrens,Null,Null,English,English
2000,1,0,0,Phinney-Greenwood,Phinney-Green5,Fiction,Childrens,Null,Null,English,English
1999,1,0,0,Phinney-Greenwood,Phinney-Green5,Fiction,Childrens,Null,Null,English,English
2007,1,0,0,Phinney-Greenwood,Phinney-Green5,Fiction,Childrens,Religion,Null,English,English
2018,1,0,1,Phinney-Greenwood,Phinney-Green5,Fiction,Childrens,Null,Null,English,
2009,1,0,0,Queen Anne,QueenAnne1,Fiction,Childrens,Null,Null,English,English
2003,1,1,0,Queen Anne,QueenAnne1,Fiction,Childrens,Null,Null,English,English
2015,1,0,0,Queen Anne,QueenAnne1,Fiction,Childrens,Null,Null,English,English
2003,1,0,0,Queen Anne,QueenAnne1,Fiction,Childrens,Null,Null,English,English
2014,1,1,0,Queen Anne,QueenAnne1,Fiction,Childrens,Null,Null,,
2003,1,0,0,Queen Anne,QueenAnne1,Fiction,Childrens,Null,Null,English,English
2003,1,0,1,Queen Anne,QueenAnne1,Fiction,Childrens,Null,Null,English,
2003,1,0,1,Queen Anne,QueenAnne1,Fiction,Childrens,Null,Null,English,
2007,1,0,0,Queen Anne,QueenAnne2,Fiction,Childrens,Null,Null,English,English
2007,1,0,0,Queen Anne,QueenAnne2,Fiction,Childrens,Null,Null,English,English
1993,1,0,0,Queen Anne,QueenAnne2,Fiction,Childrens,Null,Null,English,English
2009,1,0,0,Queen Anne,QueenAnne2,Nonfiction,Childrens,Null,Null,English,English
1990,1,0,0,Queen Anne,QueenAnne2,Nonfiction,Childrens,Null,Null,English,English
1976,1,0,0,Queen Anne,QueenAnne2,Fiction,Childrens,Null,Null,English,English
1983,1,0,0,Queen Anne,QueenAnne3,Fiction,Childrens,Null,Null,English,English
1969,1,0,0,Queen Anne,QueenAnne3,Fiction,Childrens,Null,Null,English,English
1987,1,0,0,Queen Anne,QueenAnne3,Fiction,Childrens,Null,Null,English,English
2004,1,0,0,Queen Anne,QueenAnne4,Nonfiction,Childrens,Null,Null,English,English
2002,1,1,0,Queen Anne,QueenAnne5,Fiction,Childrens,Null,Null,,
1984,1,0,0,Queen Anne,QueenAnne5,Fiction,Childrens,Null,Null,English,English
2003,1,0,0,Queen Anne,QueenAnne5,Fiction,Childrens,Null,Null,English,English
1993,1,0,0,Queen Anne,QueenAnne5,Nonfiction,Childrens,Null,Null,English,English
2010,1,0,0,Queen Anne,QueenAnne5,Fiction,Childrens,Null,Null,English,English
2001,1,0,0,Queen Anne,QueenAnne5,Fiction,Childrens,Null,Null,English,English
2014,1,0,0,Queen Anne,QueenAnne5,Fiction,Childrens,Null,Null,English,English
2015,1,1,0,Queen Anne,QueenAnne5,Fiction,Childrens,Religion,Null,English,English
2003,1,0,0,Ravenna,Ravenna1,Fiction,Childrens,Null,Null,English,English
2011,1,0,0,Ravenna,Ravenna1,Fiction,Childrens,Null,Null,English,English
2015,1,0,0,Ravenna,Ravenna1,Fiction,Childrens,Null,Null,English,English
2010,1,0,0,Ravenna,Ravenna1,Fiction,Childrens,Null,Null,English,English
1992,1,0,0,Ravenna,Ravenna3,Fiction,Childrens,Null,Null,English,English
1991,1,0,0,Ravenna,Ravenna3,Fiction,Childrens,Null,Null,English,English
2015,1,0,0,Ravenna,Ravenna5,Fiction,Childrens,Null,Null,English,English
1990,1,0,0,Ravenna,Ravenna5,Fiction,Childrens,Null,Null,English,English
1990,1,0,0,Ravenna,Ravenna5,Fiction,Childrens,Null,Null,English,English
2006,1,0,0,Ravenna,Ravenna5,Fiction,Childrens,Null,Null,English,English
2010,1,0,0,Central District,CentralDistrict4,Fiction,Young Adult,SciFi/Fantasy,Null,English,English
2005,1,0,0,Central District,CentralDistrict4,Fiction,Young Adult,SciFi/Fantasy,Null,English,English
2011,1,0,0,Columbia City,ColumbiaCity3,Fiction,Young Adult,Novel,Null,English,English
2014,1,1,0,Columbia City,ColumbiaCity3,Fiction,Young Adult,Novel,Null,English,English
2014,1,1,0,Columbia City,ColumbiaCity3,Fiction,Young Adult,Novel,Null,English,English
2017,1,0,0,Columbia City,ColumbiaCity4,Fiction,Young Adult,Novel,Null,English,English
2008,1,0,0,Columbia City,ColumbiaCity4,Fiction,Young Adult,SciFi/Fantasy,Null,English,English
2007,1,0,0,Columbia City,ColumbiaCity4,Fiction,Young Adult,SciFi/Fantasy,Null,English,English
2009,1,0,0,Columbia City,ColumbiaCity4,Fiction,Young Adult,SciFi/Fantasy,Null,English,English
2011,1,0,0,Laurelhurst,Laurelhurst2,Fiction,Young Adult,novel,Null,English,English
1988,1,0,0,Laurelhurst,Laurelhurst4,Fiction,Young Adult,Novel,Null,English,English
1994,1,0,0,Laurelhurst,Laurelhurst5,Nonfiction,Young Adult,History,Null,English,English
1985,1,0,0,Laurelhurst,Laurelhurst5,Fiction,Young Adult,Novel,Null,English,English
1989,1,0,0,Montlake,Montlake5,Fiction,Young Adult,Sports,Null,English,English
2015,1,0,0,Montlake,Montlake6,Fiction,Young Adult,Novel,Null,English,English
2013,1,0,0,Montlake,Montlake6,Fiction,Young Adult,SciFi/Fantasy,Null,"English, French",English
1997,1,0,0,Northgate,Northgate1,Fiction,Young Adult,History,Null,English,English
1995,1,0,0,Northgate,Northgate1,Fiction,Young Adult,Mystery,Null,English,English
2015,1,1,0,Northgate,Northgate2,Fiction,Young Adult,Novel,Null,English,English
2018,1,0,0,Northgate,Northgate5,Fiction,Young Adult,Mystery,Null,English,English
1961,1,0,0,Phinney-Greenwood,Phinney-Green2,Fiction,Young Adult,Novel,Null,English,
1992,1,0,0,Phinney-Greenwood,Phinney-Green3,Fiction,Young Adult,Novel,Null,English,
1999,1,0,0,Phinney-Greenwood,Phinney-Green3,Fiction,Young Adult,Novel,Null,English,English
2005,1,0,0,Phinney-Greenwood,Phinney-Green4,Fiction,Young Adult,Anthology/Essays/Short stories,Null,English,English
1990,1,1,0,Phinney-Greenwood,Phinney-Green4,Fiction,Young Adult,Novel,Null,English,English
2012,1,0,0,Phinney-Greenwood,Phinney-Green4,Fiction,Young Adult,SciFi/Fantasy,Null,English,English
2007,1,0,0,Phinney-Greenwood,Phinney-Green5,Fiction,Young Adult,SciFi/Fantasy,Null,English,Undetermined
2006,1,0,0,Phinney-Greenwood,Phinney-Green5,Fiction,Young Adult,SciFi/Fantasy,Null,English,
1991,1,0,0,Queen Anne,QueenAnne1,Fiction,Young Adult,Novel,Null,English,English
2018,1,0,0,Queen Anne,QueenAnne3,Fiction,Young Adult,Novel,Null,English,English
2010,1,0,0,Ravenna,Ravenna1,Fiction,Young Adult,SciFi/Fantasy,Null,English,English
2009,1,0,0,Ravenna,Ravenna2,Fiction,Young Adult,Novel,Null,English,English
2009,1,0,0,Ravenna,Ravenna2,Fiction,Young Adult,Novel,Null,English,English
2018,1,0,0,Ravenna,Ravenna2,Fiction,Young Adult,SciFi/Fantasy,Null,English,English
2001,1,0,0,Ravenna,Ravenna3,Fiction,Young Adult,SciFi/Fantasy,Novel,English,English
2002,1,0,0,Ravenna,Ravenna5,Fiction,Young Adult,Mystery,Null,English,English
2005,1,0,0,Ravenna,Ravenna5,Fiction,Young Adult,SciFi/Fantasy,Null,English,English
2003,1,0,0,Ravenna,Ravenna6,Fiction,Young Adult,SciFi/Fantasy,Null,English,English
