yrpub,count,authorOfColor,nonPersonAuthor,neighborhood,collection,type,age,category1,category2,category1Code,languages,originalLang
2006,1,0,0,Central District,CentralDistrict6,Fiction,Adult,Novel,Null,NOV,English,English
1992,1,0,0,Montlake,Montlake4,Nonfiction,Adult,Self Help/Health,Null,SH,English,English
1999,1,1,0,Phinney-Greenwood,Phinney-Green4,Fiction,Adult,Novel,Null,NOV,English,English
2014,1,0,0,Montlake,Montlake4,Fiction,Adult,Mystery,Null,MYS,English,English
2017,1,0,0,Northgate,Northgate5,Fiction,Adult,Mystery,Null,MYS,English,English
2016,1,0,0,Phinney-Greenwood,Phinney-Green3,Nonfiction,Adult,Cultural Studies,Null,CS,English,English
2017,1,0,0,Queen Anne,QueenAnne1,Nonfiction,Adult,Biography/Autobiography/Memoir,Null,BIO,English,English
2005,1,0,0,Northgate,Northgate3,Nonfiction,Childrens,Null,Null,NU,English,English
1960,1,0,0,Columbia City,ColumbiaCity3,Fiction,Adult,Classics,Poetry,CL,English,Akkadian
2003,1,0,0,Laurelhurst,Laurelhurst3,Fiction,Childrens,Null,Null,NU,English,English
2006,1,0,0,Queen Anne,QueenAnne5,Fiction,Adult,Mystery,Null,MYS,English,English
1983,1,0,1,Montlake,Montlake4,Nonfiction,Adult,Art,Null,ART,English,English
2009,1,0,0,Ravenna,Ravenna3,Fiction,Adult,Novel,Null,NOV,English,English
2010,1,0,0,Phinney-Greenwood,Phinney-Green4,Fiction,Adult,Novel,Null,NOV,English,English
2009,1,0,0,Northgate,Northgate3,Nonfiction,Childrens,Null,Null,NU,English,English
1997,1,0,0,Central District,CentralDistrict3,Fiction,Adult,Mystery,Null,MYS,English,English
2002,1,0,0,Ravenna,Ravenna3,Nonfiction,Adult,Self Help/Health,Null,SH,English,English
2005,1,1,0,Ravenna,Ravenna2,Fiction,Adult,Mystery,Null,MYS,English,English
2003,1,0,0,Ravenna,Ravenna3,Fiction,Adult,SciFi/Fantasy,Novel,SCIFI,English,English
1996,1,0,0,Ravenna,Ravenna2,Fiction,Adult,Romance,Null,RO,English,English
2017,1,0,0,Phinney-Greenwood,Phinney-Green4,Fiction,Adult,Romance,Null,RO,English,English
1998,1,0,0,Northgate,Northgate3,Fiction,Adult,Romance,Null,RO,English,English
2005,1,0,0,Central District,CentralDistrict4,Fiction,Young Adult,SciFi/Fantasy,Null,SCIFI,English,English
1985,1,0,0,Northgate,Northgate5,Fiction,Adult,Anthology/Essays/Short stories,Null,AN,English,English
1994,1,0,0,Northgate,Northgate3,Nonfiction,Childrens,Null,Null,NU,English,English
1994,1,0,0,Ravenna,Ravenna4,Fiction,Adult,Mystery,Null,MYS,English,English
1999,1,0,0,Northgate,Northgate3,Fiction,Adult,Mystery,Null,MYS,English,English
2002,1,0,0,Ravenna,Ravenna5,Fiction,Young Adult,Mystery,Null,MYS,English,English
2003,1,0,1,Phinney-Greenwood,Phinney-Green4,Fiction,Childrens,Null,Null,NU,,English
2003,1,0,0,Northgate,Northgate3,Fiction,Childrens,Null,Null,NU,English,English
1980,1,0,0,Phinney-Greenwood,Phinney-Green1,Fiction,Adult,Drama,Null,DR,,
2005,1,0,0,Ravenna,Ravenna2,Fiction,Adult,Novel,Null,NOV,English,English
2015,1,0,0,Laurelhurst,Laurelhurst2,Fiction,Adult,Thriller/Suspense,Null,TH,English,English
1999,1,0,0,Central District,CentralDistrict3,Fiction,Adult,Novel,Null,NOV,English,English
2013,1,0,0,Central District,CentralDistrict3,Fiction,Childrens,Null,Null,NU,English,English
1990,1,1,0,Ravenna,Ravenna3,Fiction,Adult,Novel,Null,NOV,English,Japanese
2008,1,0,0,Queen Anne,QueenAnne4,Fiction,Adult,Novel,Null,NOV,English,English
1985,1,0,0,Phinney-Greenwood,Phinney-Green3,Fiction,Childrens,Null,Null,NU,English,English
1982,1,0,0,Northgate,Northgate3,Nonfiction,Childrens,Null,Null,NU,English,English
1962,1,0,0,Central District,CentralDistrict5,Nonfiction,Adult,History,Biography,H,English,English
1993,1,0,0,Queen Anne,QueenAnne4,Fiction,Adult,Drama,Null,DR,English,English
2000,1,0,0,Ravenna,Ravenna1,Fiction,Childrens,Null,Null,NU,English,English
2001,1,0,0,Phinney-Greenwood,Phinney-Green3,Fiction,Childrens,Null,Null,NU,English,English
2003,1,0,0,Northgate,Northgate3,Fiction,Childrens,Null,Null,NU,English,English
1998,1,0,0,Northgate,Northgate3,Nonfiction,Adult,Crafts,Null,CR,English,English
2012,1,0,0,Northgate,Northgate2,Fiction,Childrens,Null,Null,NU,English,English
2006,1,0,0,Northgate,Northgate3,Fiction,Adult,SciFi/Fantasy,Null,SCIFI,English,English
2000,1,0,0,Queen Anne,QueenAnne5,Nonfiction,Adult,Biography/Autobiography/Memoir,Null,BIO,English,English
2013,1,0,0,Phinney-Greenwood,Phinney-Green2,Fiction,Childrens,Null,Null,NU,English,English
2015,1,0,0,Northgate,Northgate2,Fiction,Adult,History,Anthology,H,English,English
2000,1,0,0,Central District,CentralDistrict4,Nonfiction,Childrens,Null,Null,NU,English,English
1987,1,0,0,Phinney-Greenwood,Phinney-Green3,Nonfiction,Childrens,Null,Null,NU,English,English
2005,1,0,0,Northgate,Northgate3,Nonfiction,Adult,Biography/Autobiography/Memoir,History,BIO,English,English
2015,1,0,0,Phinney-Greenwood,Phinney-Green3,Nonfiction,Adult,Religion,Null,R,English,English
2010,1,0,0,Queen Anne,QueenAnne5,Nonfiction,Adult,Self Help/Health,Null,SH,English,English
1987,1,0,0,Phinney-Greenwood,Phinney-Green1,Fiction,Adult,Novel,Null,NOV,English,English
2011,1,0,0,Ravenna,Ravenna2,Nonfiction,Adult,Music,Null,MU,English,
2003,1,1,0,Montlake,Montlake5,Nonfiction,Adult,Self Help/Health,Null,SH,English,English
2016,1,1,0,Ravenna,Ravenna2,Fiction,Adult,Novel,Null,NOV,English,English
2019,1,0,0,Columbia City,ColumbiaCity3,Nonfiction,Adult,Anthology/Essays/Short stories,Null,AN,English,English
2016,1,0,0,Ravenna,Ravenna3,Fiction,Adult,Novel,Null,NOV,English,English
2017,1,1,0,Columbia City,ColumbiaCity3,Fiction,Adult,Novel,Null,NOV,English,English
2017,1,0,0,Phinney-Greenwood,Phinney-Green4,Fiction,Adult,Mystery,Null,MYS,English,English
2018,1,0,0,Ravenna,Ravenna6,Fiction,Adult,Thriller/Suspense,Null,TH,English,English
2013,1,0,0,Phinney-Greenwood,Phinney-Green3,Fiction,Adult,Novel,Null,NOV,English,English
2017,1,0,0,Ravenna,Ravenna6,Fiction,Adult,Novel,Null,NOV,English,English
2018,1,0,0,Ravenna,Ravenna2,Fiction,Young Adult,SciFi/Fantasy,Null,SCIFI,English,English
2012,1,0,0,Laurelhurst,Laurelhurst4,Nonfiction,Adult,Nature/Gardening,Null,,English,English
2018,1,0,0,Laurelhurst,Laurelhurst1,Fiction,Adult,Romance,Null,RO,English,English
2002,1,1,0,Queen Anne,QueenAnne5,Fiction,Childrens,Null,Null,NU,,
2018,1,0,0,Ravenna,Ravenna1,Fiction,Childrens,Null,Null,NU,English,English
1986,1,0,0,Montlake,Montlake5,Nonfiction,Adult,History,Null,H,English,English
1937,1,0,0,Ravenna,Ravenna6,Fiction,Adult,Classics,Null,CL,English,English
2007,1,0,0,Laurelhurst,Laurelhurst3,Nonfiction,Adult,History,Null,H,English,English
2004,1,0,1,Phinney-Greenwood,Phinney-Green3,Nonfiction,Adult,Self Help/Health,Null,SH,English,English
1976,1,0,0,Ravenna,Ravenna1,Fiction,Adult,Novel,Null,NOV,English,English
2004,1,0,0,Queen Anne,QueenAnne3,Fiction,Adult,Novel,Null,NOV,English,English
2006,1,0,0,Queen Anne,QueenAnne5,Nonfiction,Adult,Self Help/Health,Null,SH,English,English
2004,1,0,0,Montlake,Montlake6,Nonfiction,Adult,Cookery,Null,CO,English,English
2014,1,0,0,Ravenna,Ravenna6,Fiction,Adult,Thriller/Suspense,Null,TH,English,English
2005,1,0,0,Laurelhurst,Laurelhurst1,Fiction,Adult,Mystery,Null,MYS,English,English
1976,1,0,0,Ravenna,Ravenna1,Fiction,Adult,Novel,Null,NOV,English,English
2013,1,0,0,Phinney-Greenwood,Phinney-Green4,Fiction,Childrens,Religion,Null,R,English,English
1974,1,0,0,Montlake,Montlake6,Fiction,Adult,Poetry,Null,P,English,English
1977,1,1,0,Queen Anne,QueenAnne4,Fiction,Adult,Classics,Religion,CL,English,English
1984,1,0,0,Ravenna,Ravenna4,Fiction,Adult,History,Novel,H,English,English
1984,1,0,0,Queen Anne,QueenAnne2,Fiction,Adult,Novel,Null,NOV,English,English
1984,1,0,0,Queen Anne,QueenAnne2,Fiction,Adult,Novel,Null,NOV,English,English
1990,1,0,0,Columbia City,ColumbiaCity2,Fiction,Adult,Novel,Null,NOV,English,English
2008,1,0,0,Northgate,Northgate1,Fiction,Adult,Novel,Null,NOV,English,English
2003,1,0,0,Montlake,Montlake4,Nonfiction,Adult,Biography/Autobiography/Memoir,Null,BIO,English,English
1991,1,0,0,Montlake,Montlake5,Fiction,Adult,Anthology/Essays/Short stories,Null,AN,English,English
1979,1,0,0,Columbia City,ColumbiaCity4,Fiction,Adult,Novel,Null,NOV,English,English
2004,1,0,0,Central District,CentralDistrict3,Fiction,Childrens,Null,Null,NU,English,English
2001,1,0,0,Queen Anne,QueenAnne3,Fiction,Adult,Novel,Null,NOV,English,English
1971,1,0,0,Northgate,Northgate3,Fiction,Childrens,Null,Null,NU,English,English
1988,1,0,0,Laurelhurst,Laurelhurst4,Fiction,Young Adult,Novel,Null,NOV,English,English
1992,1,0,0,Northgate,Northgate3,Fiction,Childrens,Null,Null,NU,English,English
2016,1,1,0,Northgate,Northgate2,Fiction,Adult,Novel,Null,NOV,English,English
2006,1,0,0,Phinney-Greenwood,Phinney-Green4,Fiction,Childrens,Null,Null,NU,English,English
1999,1,0,0,Phinney-Greenwood,Phinney-Green5,Fiction,Childrens,Null,Null,NU,English,English
2003,1,0,0,Laurelhurst,Laurelhurst2,Fiction,Adult,Classics,Null,CL,English,English
2007,1,0,0,Columbia City,ColumbiaCity3,Nonfiction,Adult,Anthology/Essays/Short stories,Null,AN,English,English
2009,1,0,0,Northgate,Northgate4,Fiction,Adult,Thriller/Suspense,Null,TH,English,English
2008,1,0,0,Montlake,Montlake5,Fiction,Adult,Novel,Null,NOV,English,English
2006,1,0,0,Montlake,Montlake4,Fiction,Childrens,Null,Null,NU,English,English
2007,1,0,0,Northgate,Northgate2,Fiction,Childrens,Null,Null,NU,English,English
2004,1,1,0,Northgate,Northgate5,Fiction,Adult,Novel,Biography,NOV,English,English
2008,1,0,0,Columbia City,ColumbiaCity4,Fiction,Young Adult,SciFi/Fantasy,Null,SCIFI,English,English
2009,1,0,0,Columbia City,ColumbiaCity4,Fiction,Young Adult,SciFi/Fantasy,Null,SCIFI,English,English
2007,1,0,0,Columbia City,ColumbiaCity4,Fiction,Young Adult,SciFi/Fantasy,Null,SCIFI,English,English
2007,1,0,1,Phinney-Greenwood,Phinney-Green3,Fiction,Childrens,Null,Null,NU,English,English
2004,1,0,0,Phinney-Greenwood,Phinney-Green4,Fiction,Childrens,Null,Null,NU,English,English
2004,1,0,0,Queen Anne,QueenAnne5,Fiction,Adult,Mystery,Null,MYS,English,English
2006,1,0,0,Columbia City,ColumbiaCity4,Fiction,Childrens,Null,Null,NU,English,English
2007,1,0,0,Northgate,Northgate3,Fiction,Childrens,Null,Null,NU,English,English
2007,1,0,0,Central District,CentralDistrict3,Fiction,Childrens,Null,Null,NU,English,English
2007,1,0,0,Columbia City,ColumbiaCity3,Fiction,Childrens,Null,Null,NU,English,English
2003,1,0,0,Queen Anne,QueenAnne1,Fiction,Childrens,Null,Null,NU,English,English
2007,1,0,0,Ravenna,Ravenna6,Fiction,Adult,Novel,Null,NOV,English,English
2009,1,0,0,Ravenna,Ravenna4,Fiction,Adult,Classics,Null,CL,English,English
2011,1,0,0,Northgate,Northgate2,Fiction,Adult,Thriller/Suspense,Null,TH,English,English
2011,1,0,0,Ravenna,Ravenna2,Fiction,Adult,SciFi/Fantasy,Null,SCIFI,English,English
2018,1,0,0,Central District,CentralDistrict2,Fiction,Adult,Novel,Null,NOV,English,English
2009,1,0,1,Phinney-Greenwood,Phinney-Green3,Nonfiction,Adult,Self Help/Health,Null,SH,,English
2010,1,0,0,Laurelhurst,Laurelhurst1,Nonfiction,Adult,Self Help/Health,Null,SH,English,English
2011,1,0,0,Columbia City,ColumbiaCity2,Fiction,Adult,SciFi/Fantasy,Art,SCIFI,English,English
2012,1,1,0,Northgate,Northgate3,Nonfiction,Adult,Cultural Studies,Null,CS,English,English
2011,1,0,0,Northgate,Northgate3,Fiction,Childrens,Null,Null,NU,English,English
2014,1,0,0,Queen Anne,QueenAnne5,Fiction,Childrens,Null,Null,NU,English,English
2014,1,0,1,Queen Anne,QueenAnne3,Fiction,Childrens,Null,Null,NU,English,
2013,1,0,0,Central District,CentralDistrict2,Fiction,Adult,Thriller/Suspense,Null,TH,English,English
2013,1,0,0,Northgate,Northgate3,Fiction,Adult,Thriller/Suspense,Null,TH,English,English
2012,1,0,0,Central District,CentralDistrict6,Nonfiction,Adult,Self Help/Health,Null,SH,English,English
2015,1,1,0,Ravenna,Ravenna5,Fiction,Adult,Novel,Religion,NOV,English,English
2019,1,0,0,Northgate,Northgate1,Fiction,Adult,Thriller/Suspense,Null,TH,English,English
2014,1,0,1,Phinney-Greenwood,Phinney-Green3,Fiction,Childrens,Null,Null,NU,English,English
2014,1,0,0,Northgate,Northgate5,Fiction,Childrens,Null,Null,NU,English,English
2012,1,0,0,Northgate,Northgate3,Fiction,Childrens,Null,Null,NU,English,English
2018,1,0,0,Columbia City,ColumbiaCity1,Fiction,Adult,Novel,Null,NOV,English,English
2017,1,0,0,Columbia City,ColumbiaCity1,Fiction,Adult,History,Novel,H,English,English
2018,1,0,0,Queen Anne,QueenAnne5,Fiction,Adult,Novel,Null,NOV,English,English
2018,1,0,0,Queen Anne,QueenAnne3,Fiction,Young Adult,Novel,Null,NOV,English,English
2014,1,1,0,Columbia City,ColumbiaCity3,Fiction,Young Adult,Novel,Null,NOV,English,English
2015,1,1,0,Queen Anne,QueenAnne5,Fiction,Childrens,Religion,Null,R,English,English
2018,1,0,0,Northgate,Northgate5,Fiction,Young Adult,Mystery,Null,MYS,English,English
2017,1,0,0,Phinney-Greenwood,Phinney-Green4,Fiction,Adult,Thriller/Suspense,Null,TH,English,English
2015,1,0,1,Northgate,Northgate3,Fiction,Childrens,Null,Null,NU,English,English
2014,1,0,0,Queen Anne,QueenAnne1,Fiction,Childrens,Null,Null,NU,,
2016,1,0,0,Phinney-Greenwood,Phinney-Green3,Fiction,Childrens,Null,Null,NU,English,English
2018,1,0,0,Northgate,Northgate5,Nonfiction,Adult,Biography/Autobiography/Memoir,Null,BIO,English,English
2013,1,0,0,Montlake,Montlake2,Nonfiction,Adult,Business/Technology,Null,BU,English,English
2017,1,0,0,Ravenna,Ravenna6,Fiction,Adult,Novel,Null,NOV,English,English
2019,1,0,0,Northgate,Northgate3,Fiction,Adult,Novel,Null,NOV,English,English
2017,1,0,0,Laurelhurst,Laurelhurst1,Nonfiction,Adult,Biography/Autobiography/Memoir,Null,BIO,English,English
2018,1,0,0,Columbia City,ColumbiaCity2,Nonfiction,Adult,Self Help/Health,Null,SH,English,English
2019,1,0,0,Columbia City,ColumbiaCity1,Nonfiction,Adult,Mystery,Null,MYS,English,English
2019,1,0,0,Columbia City,ColumbiaCity2,Fiction,Adult,Novel,Null,NOV,English,English
2019,1,0,0,Columbia City,ColumbiaCity1,Nonfiction,Adult,Cultural Studies,Null,CS,English,English
2014,1,0,0,Laurelhurst,Laurelhurst5,Fiction,Adult,Novel,Null,NOV,English,English
2006,1,0,0,Northgate,Northgate2,Nonfiction,Adult,Biography/Autobiography/Memoir,Null,BIO,English,English
2011,1,0,0,Northgate,Northgate2,Fiction,Adult,Novel,Null,NOV,English,English
1994,1,0,0,Laurelhurst,Laurelhurst5,Nonfiction,Young Adult,History,Null,H,English,English
2018,1,0,0,Phinney-Greenwood,Phinney-Green4,Fiction,Adult,Thriller/Suspense,Null,TH,English,English
2016,1,0,0,Phinney-Greenwood,Phinney-Green2,Nonfiction,Adult,Self Help/Health,Null,SH,English,English
2008,1,0,0,Columbia City,ColumbiaCity2,Fiction,Adult,Novel,Null,NOV,English,English
2000,1,0,0,Ravenna,Ravenna4,Fiction,Adult,Mystery,Null,MYS,English,English
1993,1,0,0,Northgate,Northgate3,Fiction,Adult,Mystery,Null,MYS,English,English
1991,1,0,0,Northgate,Northgate3,Nonfiction,Childrens,Null,Null,NU,English,English
1999,1,0,0,Phinney-Greenwood,Phinney-Green3,Nonfiction,Adult,Self Help/Health,Null,SH,English,English
2001,1,0,0,Phinney-Greenwood,Phinney-Green3,Nonfiction,Adult,Self Help/Health,Null,SH,English,English
1994,1,0,0,Queen Anne,QueenAnne4,Nonfiction,Adult,Self Help/Health,Null,SH,English,English
1998,1,0,0,Northgate,Northgate5,Fiction,Adult,Novel,History,NOV,English,English
1998,1,0,0,Central District,CentralDistrict3,Nonfiction,Childrens,Null,Self Help/Health,NU,English,English
1993,1,0,0,Queen Anne,QueenAnne2,Fiction,Childrens,Null,Null,NU,English,English
1999,1,0,0,Columbia City,ColumbiaCity3,Nonfiction,Adult,Cookery,Null,CO,English,English
2001,1,0,0,Columbia City,ColumbiaCity5,Nonfiction,Adult,Thriller/Suspense,Null,TH,English,English
2011,1,1,0,Northgate,Northgate2,Fiction,Adult,Novel,Null,NOV,English,English
2011,1,0,0,Northgate,Northgate2,Fiction,Adult,Novel,Null,NOV,English,English
1946,1,0,0,Columbia City,ColumbiaCity3,Fiction,Adult,Classics,Null,CL,English,English
1997,1,0,0,Laurelhurst,Laurelhurst1,Nonfiction,Adult,Self Help/Health,Null,SH,English,English
2016,1,0,0,Northgate,Northgate5,Nonfiction,Adult,Cultural Studies,Null,CS,English,English
2006,1,0,0,Columbia City,ColumbiaCity4,Nonfiction,Adult,Business/Technology,Null,BU,English,English
2003,1,0,0,Central District,CentralDistrict3,Nonfiction,Adult,Nature/Gardening,Null,,English,English
2000,1,0,0,Central District,CentralDistrict3,Nonfiction,Adult,Religion,Null,R,English,English
2004,1,0,0,Laurelhurst,Laurelhurst2,Nonfiction,Adult,Nature/Gardening,Art,,English,English
2004,1,0,0,Columbia City,ColumbiaCity2,Nonfiction,Adult,Self Help/Health,Null,SH,English,English
2000,1,0,0,Phinney-Greenwood,Phinney-Green1,Fiction,Adult,Romance,Null,RO,English,English
2011,1,0,0,Northgate,Northgate3,Nonfiction,Childrens,Null,Null,NU,English,English
2012,1,0,0,Northgate,Northgate3,Nonfiction,Childrens,Null,Null,NU,English,English
2010,1,0,0,Northgate,Northgate1,Nonfiction,Childrens,Null,Null,NU,English,English
2003,1,0,0,Phinney-Greenwood,Phinney-Green3,Nonfiction,Adult,History,Null,H,English,English
2005,1,0,0,Phinney-Greenwood,Phinney-Green3,Fiction,Adult,Mystery,Null,MYS,English,English
2001,1,0,1,Phinney-Greenwood,Phinney-Green4,Nonfiction,Adult,Self Help/Health,Null,SH,English,English
2005,1,0,0,Ravenna,Ravenna2,Nonfiction,Adult,Nature/Gardening,Null,,English,English
2014,1,0,0,Northgate,Northgate2,Nonfiction,Adult,History,Null,H,English,English
2007,1,0,0,Ravenna,Ravenna1,Nonfiction,Adult,Religion,Null,R,English,English
2004,1,1,0,Queen Anne,QueenAnne4,Nonfiction,Adult,Graphic/Manga,Null,Gr,English,English
2012,1,0,0,Montlake,Montlake5,Nonfiction,Adult,Business/Technology,Null,BU,English,English
2006,1,0,0,Phinney-Greenwood,Phinney-Green3,Nonfiction,Adult,Self Help/Health,Null,SH,English,English
2005,1,0,0,Northgate,Northgate3,Fiction,Childrens,Null,Null,NU,English,English
2015,1,0,0,Phinney-Greenwood,Phinney-Green3,Fiction,Adult,Novel,Null,NOV,English,English
2007,1,0,0,Northgate,Northgate4,Nonfiction,Adult,Self Help/Health,Null,SH,English,English
2008,1,0,0,Montlake,Montlake4,Fiction,Young Adult,Novel,Null,NOV,English,English
2005,1,0,0,Central District,CentralDistrict3,Nonfiction,Adult,Cultural Studies,Null,CS,English,English
2009,1,0,0,Queen Anne,QueenAnne2,Nonfiction,Childrens,Null,Null,NU,English,English
2009,1,0,0,Northgate,Northgate4,Nonfiction,Adult,Cultural Studies,Null,CS,English,English
2006,1,0,0,Ravenna,Ravenna2,Fiction,Adult,Romance,Null,RO,English,English
2011,1,0,0,Phinney-Greenwood,Phinney-Green2,Fiction,Adult,Thriller/Suspense,Null,TH,English,English
2015,1,0,0,Central District,CentralDistrict4,Nonfiction,Adult,Religion,Null,R,English,English
2007,1,0,0,Queen Anne,QueenAnne2,Fiction,Childrens,Null,Null,NU,English,English
2009,1,0,0,Montlake,Montlake5,Nonfiction,Adult,Biography/Autobiography/Memoir,Null,BIO,English,English
2010,1,0,0,Ravenna,Ravenna1,Fiction,Childrens,Null,Null,NU,English,English
2011,1,0,0,Ravenna,Ravenna1,Fiction,Childrens,Null,Null,NU,English,English
2015,1,0,0,Ravenna,Ravenna1,Fiction,Childrens,Null,Null,NU,English,English
2010,1,0,0,Ravenna,Ravenna1,Fiction,Young Adult,SciFi/Fantasy,Null,SCIFI,English,English
2011,1,0,0,Central District,CentralDistrict4,Fiction,Childrens,Null,Null,NU,English,English
2011,1,0,0,Northgate,Northgate2,Fiction,Adult,Novel,Null,NOV,English,English
2011,1,0,0,Northgate,Northgate2,Fiction,Adult,Thriller/Suspense,Null,TH,English,English
2011,1,0,0,Northgate,Northgate2,Fiction,Adult,Novel,Null,NOV,English,English
2013,1,0,0,Northgate,Northgate2,Fiction,Adult,Novel,Null,NOV,English,English
2014,1,0,1,Northgate,Northgate2,Fiction,Adult,Novel,Null,NOV,,English
2018,1,0,0,Northgate,Northgate2,Fiction,Childrens,Null,Null,NU,English,English
2019,1,0,1,Central District,CentralDistrict1,Nonfiction,Adult,Cultural Studies,Null,CS,English,English
2013,1,0,0,Columbia City,ColumbiaCity1,Fiction,Childrens,Null,Null,NU,English,English
2010,1,0,0,Northgate,Northgate5,Nonfiction,Adult,Self Help/Health,Null,SH,English,English
2018,1,0,0,Columbia City,ColumbiaCity5,Nonfiction,Adult,History,Null,H,English,English
2015,1,1,0,Northgate,Northgate2,Fiction,Young Adult,Novel,Null,NOV,English,English
2015,1,0,0,Northgate,Northgate1,Nonfiction,Adult,Business/Technology,Null,BU,,
2013,1,0,0,Central District,CentralDistrict4,Nonfiction,Adult,History,Null,H,English,English
2013,1,0,0,Montlake,Montlake4,Nonfiction,Adult,Nature/Gardening,Null,,English,English
2017,1,0,0,Phinney-Greenwood,Phinney-Green1,Fiction,Adult,Mystery,Null,MYS,English,English
2018,1,0,0,Montlake,Montlake4,Nonfiction,Adult,Novel,Null,NOV,English,English
2019,1,0,0,Northgate,Northgate2,Fiction,Adult,Anthology/Essays/Short stories,Null,AN,English,English
2016,1,0,0,Northgate,Northgate3,Nonfiction,Adult,Self Help/Health,Cultural Studies,SH,English,English
2018,1,0,0,Phinney-Greenwood,Phinney-Green4,Fiction,Childrens,Null,Null,NU,English,English
2017,1,0,0,Northgate,Northgate2,Fiction,Adult,Novel,Null,NOV,English,English
2018,1,0,0,Queen Anne,QueenAnne1,Fiction,Adult,Novel,Null,NOV,English,English
2019,1,0,0,Phinney-Greenwood,Phinney-Green1,Fiction,Adult,Novel,Null,NOV,English,English
2019,1,0,1,Phinney-Greenwood,Phinney-Green3,Nonfiction,Childrens,Null,Null,NU,English,English
2019,1,1,0,Ravenna,Ravenna1,Fiction,Adult,Poetry,Null,P,English,English
2004,1,0,0,Phinney-Greenwood,Phinney-Green3,Nonfiction,Adult,Self Help/Health,Null,SH,English,English
2010,1,1,0,Northgate,Northgate2,Fiction,Adult,Novel,Null,NOV,English,English
1995,1,0,0,Northgate,Northgate3,Fiction,Childrens,Null,Null,NU,English,English
2008,1,0,0,Montlake,Montlake4,Fiction,Adult,Mystery,Null,MYS,English,English
2007,1,0,0,Laurelhurst,Laurelhurst4,Nonfiction,Adult,Art,Null,ART,English,English
1999,1,0,0,Queen Anne,QueenAnne3,Fiction,Adult,SciFi/Fantasy,Null,SCIFI,English,English
1997,1,0,1,Northgate,Northgate3,Fiction,Childrens,Null,Null,NU,English,English
2014,1,0,0,Northgate,Northgate3,Nonfiction,Childrens,Null,Null,NU,English,
2003,1,0,0,Phinney-Greenwood,Phinney-Green2,Nonfiction,Adult,Self Help/Health,Null,SH,English,
2004,1,0,0,Northgate,Northgate3,Fiction,Childrens,Null,Null,NU,English,English
2005,1,0,1,Phinney-Greenwood,Phinney-Green3,Nonfiction,Childrens,Null,Null,NU,English,English
2000,1,1,0,Northgate,Northgate2,Fiction,Adult,Novel,Null,NOV,English,English
2003,1,0,0,Northgate,Northgate3,Fiction,Adult,SciFi/Fantasy,Null,SCIFI,English,English
1997,1,0,0,Montlake,Montlake4,Nonfiction,Adult,Cookery,Null,CO,English,English
2007,1,0,0,Phinney-Greenwood,Phinney-Green1,Nonfiction,Adult,Self Help/Health,Crafts,SH,English,English
2007,1,0,1,Columbia City,ColumbiaCity1,Nonfiction,Adult,History,Null,H,English,English
2009,1,1,0,Laurelhurst,Laurelhurst1,Nonfiction,Adult,Self Help/Health,Null,SH,English,English
2019,1,0,0,Northgate,Northgate2,Fiction,Adult,Anthology/Essays/Short stories,Null,AN,English,English
2015,1,0,0,Northgate,Northgate3,Fiction,Adult,Novel,Religion,NOV,English,English
2019,1,0,0,Columbia City,ColumbiaCity1,Nonfiction,Adult,Biography/Autobiography/Memoir,Null,BIO,English,English
2019,1,0,0,Columbia City,ColumbiaCity2,Fiction,Adult,Novel,Null,NOV,English,English
2019,1,0,0,Columbia City,ColumbiaCity2,Nonfiction,Adult,Self Help/Health,Null,SH,English,English
2019,1,0,0,Columbia City,ColumbiaCity1,Fiction,Adult,Thriller/Suspense,Null,TH,English,English
2018,1,0,0,Phinney-Greenwood,Phinney-Green4,Nonfiction,Adult,Cultural Studies,Null,CS,English,English
1993,1,0,0,Phinney-Greenwood,Phinney-Green3,Nonfiction,Adult,Self Help/Health,Null,SH,English,English
2004,1,0,0,Phinney-Greenwood,Phinney-Green4,Fiction,Adult,Novel,Null,NOV,English,English
1976,1,0,0,Montlake,Montlake5,Nonfiction,Adult,Art,Null,ART,English,English
1990,1,0,0,Montlake,Montlake4,Fiction,Adult,Novel,Null,NOV,English,English
2002,1,0,0,Montlake,Montlake5,Nonfiction,Adult,Cookery,Null,CO,French,French
1995,1,0,0,Northgate,Northgate3,Nonfiction,Adult,Travel,Null,TR,English,English
1999,1,0,0,Northgate,Northgate3,Nonfiction,Adult,Self Help/Health,Null,SH,English,English
1975,1,0,1,Northgate,Northgate3,Fiction,Childrens,Null,Null,NU,English,
2000,1,0,0,Phinney-Greenwood,Phinney-Green3,Fiction,Childrens,Null,Null,NU,English,English
1983,1,0,0,Queen Anne,QueenAnne3,Fiction,Childrens,Null,Null,NU,English,English
2009,1,0,0,Queen Anne,QueenAnne2,Fiction,Adult,Thriller/Suspense,Null,TH,English,English
1999,1,0,0,Phinney-Greenwood,Phinney-Green4,Fiction,Childrens,Null,Null,NU,English,
2010,1,0,0,Phinney-Greenwood,Phinney-Green4,Fiction,Adult,Thriller/Suspense,Null,TH,English,English
1999,1,0,0,Northgate,Northgate3,Nonfiction,Childrens,Null,Null,NU,English,English
2018,1,0,0,Central District,CentralDistrict3,Nonfiction,Adult,Biography/Autobiography/Memoir,Cookery,BIO,English,English
1998,1,0,0,Northgate,Northgate1,Fiction,Childrens,Null,Null,NU,English,English
1998,1,0,0,Phinney-Greenwood,Phinney-Green3,Fiction,Adult,Novel,Null,NOV,English,English
2002,1,0,0,Phinney-Greenwood,Phinney-Green1,Nonfiction,Adult,History,Null,H,English,English
2007,1,1,0,Northgate,Northgate5,Fiction,Adult,Novel,History,NOV,English,English
2009,1,0,0,Central District,CentralDistrict2,Fiction,Adult,Novel,Null,NOV,English,English
2009,1,0,0,Laurelhurst,Laurelhurst1,Fiction,Adult,Novel,Null,NOV,English,English
2010,1,0,0,Northgate,Northgate3,Fiction,Adult,Novel,Null,NOV,English,English
1996,1,0,0,Queen Anne,QueenAnne4,Fiction,Adult,Novel,Null,NOV,English,English
1997,1,0,0,Montlake,Montlake6,Fiction,Adult,Mystery,Null,MYS,English,English
2001,1,0,0,Phinney-Greenwood,Phinney-Green4,Fiction,Adult,Novel,Null,NOV,English,English
2005,1,0,0,Ravenna,Ravenna2,Fiction,Adult,Novel,Null,NOV,English,English
2009,1,0,0,Ravenna,Ravenna2,Fiction,Young Adult,Novel,Null,NOV,English,English
2011,1,0,0,Columbia City,ColumbiaCity3,Fiction,Young Adult,Novel,Null,NOV,English,English
2012,1,0,0,Phinney-Greenwood,Phinney-Green3,Nonfiction,Adult,Biography/Autobiography/Memoir,Null,BIO,English,English
2014,1,0,0,Phinney-Greenwood,Phinney-Green4,Fiction,Adult,Novel,Null,NOV,English,English
2007,1,0,0,Phinney-Greenwood,Phinney-Green5,Fiction,Young Adult,SciFi/Fantasy,Null,SCIFI,English,Undetermined
2013,1,0,0,Northgate,Northgate4,Nonfiction,Adult,Self Help/Health,Null,SH,English,English
2013,1,0,0,Queen Anne,QueenAnne4,Fiction,Adult,Mystery,Null,MYS,English,English
1994,1,0,0,Northgate,Northgate3,Nonfiction,Adult,Nature/Gardening,Null,,English,English
1989,1,0,0,Northgate,Northgate3,Fiction,Childrens,Null,Null,NU,English,English
2017,1,0,0,Phinney-Greenwood,Phinney-Green3,Fiction,Childrens,Null,Null,NU,English,English
1993,1,0,0,Phinney-Greenwood,Phinney-Green1,Nonfiction,Adult,Biography/Autobiography/Memoir,Null,BIO,English,English
1980,1,0,0,Montlake,Montlake2,Nonfiction,Adult,Biography/Autobiography/Memoir,Null,BIO,English,English
2004,1,0,0,Northgate,Northgate3,Fiction,Adult,Anthology/Essays/Short stories,Null,AN,English,English
2009,1,0,0,Northgate,Northgate3,Nonfiction,Childrens,Null,Null,NU,English,English
1987,1,0,0,Queen Anne,QueenAnne1,Fiction,Adult,Novel,Null,NOV,English,English
1980,1,0,0,Northgate,Northgate3,Fiction,Adult,SciFi/Fantasy,Null,SCIFI,English,English
1985,1,0,0,Phinney-Greenwood,Phinney-Green3,Nonfiction,Adult,History,Null,H,English,English
1985,1,0,0,Northgate,Northgate4,Fiction,Adult,SciFi/Fantasy,Null,SCIFI,English,English
1986,1,0,0,Phinney-Greenwood,Phinney-Green5,Fiction,Adult,Thriller/Suspense,Null,TH,English,English
1991,1,0,0,Ravenna,Ravenna5,Fiction,Adult,SciFi/Fantasy,Null,SCIFI,English,English
1986,1,0,0,Montlake,Montlake4,Fiction,Adult,Sports,Null,S,English,English
1987,1,0,0,Queen Anne,QueenAnne1,Fiction,Adult,Novel,Null,NOV,English,English
1989,1,0,0,Montlake,Montlake5,Fiction,Young Adult,Sports,Null,S,English,English
1993,1,0,0,Phinney-Greenwood,Phinney-Green4,Fiction,Adult,Mystery,Null,MYS,English,English
1994,1,0,0,Laurelhurst,Laurelhurst4,Fiction,Adult,Mystery,Null,MYS,English,English
1996,1,0,0,Queen Anne,QueenAnne4,Fiction,Adult,Mystery,Null,MYS,English,English
2000,1,0,0,Ravenna,Ravenna1,Fiction,Adult,Mystery,Null,MYS,English,English
2004,1,0,0,Laurelhurst,Laurelhurst1,Fiction,Adult,Novel,Null,NOV,English,English
2009,1,0,0,Laurelhurst,Laurelhurst3,Fiction,Adult,Mystery,Null,MYS,English,English
2009,1,0,0,Ravenna,Ravenna2,Fiction,Adult,Mystery,Null,MYS,English,English
2018,1,0,0,Montlake,Montlake5,Fiction,Adult,Thriller/Suspense,Null,TH,English,English
2017,1,0,0,Laurelhurst,Laurelhurst4,Fiction,Adult,Novel,Null,NOV,English,English
2014,1,0,0,Northgate,Northgate1,Fiction,Adult,Thriller/Suspense,Null,TH,English,English
2015,1,0,0,Phinney-Greenwood,Phinney-Green5,Fiction,Adult,Thriller/Suspense,Null,TH,English,English
2015,1,0,0,Phinney-Greenwood,Phinney-Green4,Fiction,Adult,Novel,Null,NOV,English,English
2009,1,0,0,Montlake,Montlake6,Fiction,Adult,Novel,Null,NOV,English,English
1988,1,0,0,Montlake,Montlake4,Nonfiction,Adult,Cookery,Null,CO,English,English
2003,1,0,0,Phinney-Greenwood,Phinney-Green2,Fiction,Adult,Romance,Null,RO,English,English
2010,1,0,0,Northgate,Northgate3,Fiction,Adult,Thriller/Suspense,Null,TH,English,English
2011,1,0,0,Northgate,Northgate3,Fiction,Adult,Thriller/Suspense,Null,TH,English,English
2012,1,0,0,Northgate,Northgate3,Fiction,Adult,Mystery,Null,MYS,English,English
2015,1,0,0,Phinney-Greenwood,Phinney-Green3,Fiction,Adult,Novel,Null,NOV,English,English
2017,1,0,0,Ravenna,Ravenna2,Fiction,Adult,Romance,Null,RO,English,English
2010,1,0,0,Central District,CentralDistrict2,Fiction,Adult,Novel,Null,NOV,English,English
1992,1,0,0,Montlake,Montlake6,Fiction,Adult,Novel,Null,NOV,English,English
1999,1,0,0,Laurelhurst,Laurelhurst3,Fiction,Childrens,Null,Null,NU,English,English
1999,1,0,0,Laurelhurst,Laurelhurst3,Fiction,Childrens,Null,Null,NU,English,English
2000,1,0,0,Laurelhurst,Laurelhurst3,Fiction,Childrens,Null,Null,NU,English,English
2005,1,0,0,Ravenna,Ravenna5,Fiction,Young Adult,SciFi/Fantasy,Null,SCIFI,English,English
2005,1,0,0,Laurelhurst,Laurelhurst1,Fiction,Childrens,Null,Null,NU,English,English
2011,1,0,0,Queen Anne,QueenAnne4,Fiction,Adult,SciFi/Fantasy,Null,SCIFI,English,English
1980,1,0,0,Phinney-Greenwood,Phinney-Green2,Nonfiction,Adult,Self Help/Health,Null,SH,English,English
1979,1,0,0,Northgate,Northgate3,Nonfiction,Adult,Crafts,Null,CR,English,English
1975,1,0,1,Northgate,Northgate3,Nonfiction,Adult,Crafts,Null,CR,English,English
1999,1,0,1,Central District,CentralDistrict4,Fiction,Childrens,Null,Null,NU,German,German
1977,1,0,0,Laurelhurst,Laurelhurst3,Nonfiction,Adult,Cultural Studies,Null,CS,English,English
1988,1,0,0,Ravenna,Ravenna2,Fiction,Adult,Thriller/Suspense,Null,TH,English,English
2008,1,0,0,Phinney-Greenwood,Phinney-Green4,Fiction,Childrens,Null,Null,NU,English,English
2016,1,0,0,Queen Anne,QueenAnne3,Fiction,Childrens,Null,Null,NU,English,English
1991,1,0,0,Laurelhurst,Laurelhurst2,Fiction,Adult,Cultural Studies,Null,CS,English,English
2000,1,0,0,Phinney-Greenwood,Phinney-Green5,Fiction,Childrens,Null,Null,NU,English,English
2003,1,0,0,Laurelhurst,Laurelhurst6,Nonfiction,Childrens,Null,Null,NU,English,English
1999,1,0,0,Ravenna,Ravenna3,Fiction,Adult,Mystery,Null,MYS,English,English
1998,1,0,0,Montlake,Montlake2,Nonfiction,Adult,Cookery,Null,CO,English,English
1998,1,0,0,Montlake,Montlake2,Nonfiction,Adult,Cookery,Null,CO,English,English
1998,1,0,0,Montlake,Montlake2,Nonfiction,Adult,Cookery,Null,CO,English,English
1998,1,0,0,Montlake,Montlake2,Nonfiction,Adult,Cookery,Null,CO,English,English
1999,1,0,0,Montlake,Montlake2,Nonfiction,Adult,Cookery,Null,CO,,English
1999,1,0,0,Montlake,Montlake2,Nonfiction,Adult,Cookery,Null,CO,English,
1974,1,0,0,Ravenna,Ravenna5,Nonfiction,Adult,Self Help/Health,Null,SH,English,
1986,1,1,0,Laurelhurst,Laurelhurst3,Nonfiction,Adult,Cookery,Null,CO,English,English
1992,1,1,0,Montlake,Montlake4,Fiction,Adult,Novel,Cultural Studies,NOV,English,Arabic
1993,1,0,0,Phinney-Greenwood,Phinney-Green2,Fiction,Adult,Romance,Null,RO,English,English
2000,1,0,0,Laurelhurst,Laurelhurst3,Nonfiction,Adult,Cultural Studies,Null,CS,English,English
2003,1,0,0,Central District,CentralDistrict2,Fiction,Adult,Thriller/Suspense,Null,TH,English,English
2003,1,0,0,Columbia City,ColumbiaCity3,Fiction,Adult,Thriller/Suspense,Null,TH,English,English
1997,1,0,0,Northgate,Northgate1,Fiction,Adult,Anthology/Essays/Short stories,Null,AN,English,English
2014,1,1,0,Northgate,Northgate2,Fiction,Adult,Novel,Null,NOV,English,English
1990,1,0,0,Montlake,Montlake4,Fiction,Adult,Novel,Null,NOV,English,English
2006,1,0,0,Phinney-Greenwood,Phinney-Green4,Fiction,Adult,Novel,Null,NOV,English,English
1979,1,0,0,Montlake,Montlake2,Nonfiction,Adult,Cookery,Null,CO,English,English
1981,1,0,0,Montlake,Montlake2,Nonfiction,Adult,Cookery,Null,CO,English,English
1987,1,0,0,Northgate,Northgate3,Nonfiction,Adult,Crafts,Null,CR,English,English
1992,1,0,0,Queen Anne,QueenAnne1,Fiction,Adult,Thriller/Suspense,Null,TH,English,English
1986,1,1,0,Northgate,Northgate5,Fiction,Adult,Thriller/Suspense,Null,TH,English,English
1998,1,0,0,Laurelhurst,Laurelhurst3,Nonfiction,Adult,Cookery,Null,CO,English,English
1993,1,0,0,Montlake,Montlake4,Nonfiction,Adult,Self Help/Health,Null,SH,,English
1982,1,0,0,Queen Anne,QueenAnne5,Fiction,Adult,SciFi/Fantasy,Null,SCIFI,English,English
2004,1,0,0,Northgate,Northgate5,Fiction,Adult,Mystery,Null,MYS,English,English
2015,1,0,0,Phinney-Greenwood,Phinney-Green3,Fiction,Adult,SciFi/Fantasy,Null,SCIFI,English,English
2017,1,0,0,Northgate,Northgate3,Fiction,Adult,Mystery,Null,MYS,English,English
1987,1,0,0,Northgate,Northgate3,Nonfiction,Childrens,Null,Null,NU,English,English
2017,1,1,0,Ravenna,Ravenna1,Nonfiction,Adult,History,Null,H,English,English
1983,1,0,0,Laurelhurst,Laurelhurst2,Fiction,Adult,SciFi/Fantasy,Null,SCIFI,English,English
1994,1,0,0,Queen Anne,QueenAnne3,Fiction,Adult,Mystery,Null,MYS,English,English
1998,1,0,0,Phinney-Greenwood,Phinney-Green4,Fiction,Adult,Mystery,Null,MYS,"English, Achinese",English
2000,1,0,0,Ravenna,Ravenna1,Fiction,Adult,Mystery,Null,MYS,English,English
2000,1,0,0,Ravenna,Ravenna2,Fiction,Adult,Mystery,Null,MYS,English,English
2001,1,0,0,Phinney-Greenwood,Phinney-Green3,Fiction,Adult,Thriller/Suspense,Null,TH,English,English
2002,1,0,0,Laurelhurst,Laurelhurst1,Fiction,Adult,Thriller/Suspense,Null,TH,English,English
2004,1,0,0,Columbia City,ColumbiaCity3,Fiction,Adult,Mystery,Null,MYS,English,English
2008,1,0,0,Laurelhurst,Laurelhurst5,Fiction,Adult,Mystery,Novel,MYS,English,English
2011,1,0,0,Central District,CentralDistrict3,Fiction,Adult,Thriller/Suspense,Null,TH,English,English
2012,1,0,0,Northgate,Northgate1,Fiction,Adult,Thriller/Suspense,Null,TH,English,English
2013,1,0,0,Central District,CentralDistrict6,Fiction,Adult,Novel,Null,NOV,English,English
2014,1,1,0,Phinney-Greenwood,Phinney-Green3,Fiction,Adult,Novel,Null,NOV,English,English
1998,1,0,0,Laurelhurst,Laurelhurst5,Fiction,Childrens,Null,Null,NU,English,English
1999,1,0,0,Northgate,Northgate3,Fiction,Childrens,Null,Null,NU,English,English
1999,1,0,0,Phinney-Greenwood,Phinney-Green2,Nonfiction,Adult,Self Help/Health,Null,SH,English,English
2002,1,0,0,Laurelhurst,Laurelhurst3,Fiction,Childrens,Null,Null,NU,English,English
2003,1,1,0,Queen Anne,QueenAnne1,Fiction,Childrens,Null,Null,NU,English,English
2000,1,0,0,Phinney-Greenwood,Phinney-Green5,Fiction,Childrens,Null,Null,NU,English,English
2002,1,0,0,Northgate,Northgate3,Fiction,Childrens,Null,Null,NU,English,English
2002,1,0,0,Northgate,Northgate3,Fiction,Childrens,Null,Null,NU,English,English
2003,1,0,0,Northgate,Northgate3,Fiction,Childrens,Null,Null,NU,English,English
2003,1,0,0,Phinney-Greenwood,Phinney-Green5,Fiction,Childrens,Null,Null,NU,English,English
2005,1,1,0,Phinney-Greenwood,Phinney-Green4,Fiction,Childrens,Null,Null,NU,English,English
2005,1,0,0,Phinney-Greenwood,Phinney-Green4,Fiction,Adult,Novel,Null,NOV,English,English
2005,1,0,0,Phinney-Greenwood,Phinney-Green4,Fiction,Childrens,Null,Null,NU,English,English
2005,1,0,0,Columbia City,ColumbiaCity4,Fiction,Childrens,Null,Null,NU,English,English
2005,1,0,0,Columbia City,ColumbiaCity4,Fiction,Childrens,Null,Null,NU,"English, Italian",English
2007,1,0,0,Ravenna,Ravenna3,Fiction,Childrens,Null,Null,NU,English,English
2005,1,0,1,Central District,CentralDistrict3,Fiction,Childrens,Null,Null,NU,,English
2006,1,0,0,Northgate,Northgate3,Nonfiction,Childrens,Null,Null,NU,English,English
2004,1,0,0,Northgate,Northgate3,Fiction,Childrens,Null,Null,NU,English,English
1990,1,0,0,Ravenna,Ravenna2,Fiction,Adult,Romance,Null,RO,English,English
1994,1,0,0,Ravenna,Ravenna2,Nonfiction,Adult,Biography/Autobiography/Memoir,Null,BIO,English,English
1993,1,0,0,Ravenna,Ravenna1,Fiction,Adult,Mystery,Null,MYS,English,English
1996,1,0,0,Central District,CentralDistrict3,Fiction,Adult,Thriller/Suspense,Null,TH,English,English
1998,1,0,0,Ravenna,Ravenna2,Fiction,Adult,Novel,Null,NOV,English,English
1999,1,0,0,Montlake,Montlake4,Fiction,Adult,Thriller/Suspense,Null,TH,English,English
2003,1,0,0,Ravenna,Ravenna6,Fiction,Young Adult,SciFi/Fantasy,Null,SCIFI,English,English
1990,1,0,0,Laurelhurst,Laurelhurst2,Fiction,Childrens,Null,Null,NU,English,English
1995,1,0,0,Northgate,Northgate1,Fiction,Young Adult,Mystery,Null,MYS,English,English
1999,1,0,0,Central District,CentralDistrict3,Fiction,Childrens,Null,Null,NU,English,English
1997,1,0,0,Central District,CentralDistrict4,Fiction,Childrens,Null,Null,NU,English,English
1985,1,0,0,Laurelhurst,Laurelhurst5,Fiction,Young Adult,Novel,Null,NOV,English,English
1981,1,0,0,Columbia City,ColumbiaCity3,Fiction,Childrens,Null,Null,NU,English,English
1986,1,0,0,Laurelhurst,Laurelhurst5,Fiction,Adult,Novel,Null,NOV,English,English
1988,1,0,0,Queen Anne,QueenAnne4,Fiction,Childrens,Null,Null,NU,English,English
1986,1,1,0,Phinney-Greenwood,Phinney-Green3,Nonfiction,Adult,Crafts,Null,CR,English,English
1986,1,0,0,Northgate,Northgate3,Fiction,Childrens,Null,Null,NU,,English
1965,1,0,0,Northgate,Northgate2,Fiction,Childrens,Null,Null,NU,English,English
1998,1,0,0,Queen Anne,QueenAnne2,Nonfiction,Adult,Cultural Studies,Null,CS,English,English
2007,1,0,0,Laurelhurst,Laurelhurst3,Fiction,Adult,SciFi/Fantasy,Null,SCIFI,English,English
1980,1,0,0,Queen Anne,QueenAnne5,Nonfiction,Adult,Sports,Null,S,,
1991,1,0,0,Phinney-Greenwood,Phinney-Green2,Fiction,Adult,Mystery,Null,MYS,English,English
1991,1,0,0,Queen Anne,QueenAnne4,Fiction,Adult,Mystery,Null,MYS,English,English
1988,1,0,0,Northgate,Northgate3,Nonfiction,Adult,Reference,Self Help/Health,Ref,English,English
1992,1,0,0,Central District,CentralDistrict1,Fiction,Adult,Novel,Null,NOV,English,English
1993,1,0,0,Central District,CentralDistrict3,Fiction,Adult,Thriller/Suspense,Null,TH,English,English
1992,1,0,0,Phinney-Greenwood,Phinney-Green2,Fiction,Adult,Mystery,Null,MYS,English,English
2004,1,0,0,Queen Anne,QueenAnne4,Nonfiction,Childrens,Null,Null,NU,English,English
2014,1,0,0,Northgate,Northgate3,Fiction,Adult,Thriller/Suspense,Null,TH,English,English
1997,1,0,0,Northgate,Northgate3,Fiction,Adult,Mystery,Null,MYS,English,English
1998,1,0,0,Phinney-Greenwood,Phinney-Green4,Fiction,Adult,Thriller/Suspense,Null,TH,English,English
1997,1,0,0,Phinney-Greenwood,Phinney-Green1,Fiction,Adult,Novel,Null,NOV,English,English
1998,1,0,0,Laurelhurst,Laurelhurst5,Fiction,Adult,Novel,Null,NOV,English,English
1960,1,0,0,Northgate,Northgate3,Fiction,Childrens,Null,Null,NU,English,
1976,1,0,0,Phinney-Greenwood,Phinney-Green3,Fiction,Childrens,Null,Null,NU,English,English
2002,1,0,0,Central District,CentralDistrict3,Nonfiction,Childrens,Null,Null,NU,English,English
1988,1,0,0,Phinney-Greenwood,Phinney-Green2,Fiction,Adult,Novel,Null,NOV,English,English
1985,1,0,0,Phinney-Greenwood,Phinney-Green2,Fiction,Adult,SciFi/Fantasy,Null,SCIFI,English,English
1995,1,0,0,Northgate,Northgate3,Fiction,Adult,Thriller/Suspense,Null,TH,English,English
1977,1,0,0,Ravenna,Ravenna5,Fiction,Adult,SciFi/Fantasy,Null,SCIFI,English,English
1996,1,0,0,Phinney-Greenwood,Phinney-Green2,Fiction,Adult,Novel,Null,NOV,English,English
1971,1,0,0,Ravenna,Ravenna5,Fiction,Adult,SciFi/Fantasy,Null,SCIFI,English,English
1987,1,0,0,Ravenna,Ravenna4,Fiction,Adult,Mystery,Null,MYS,English,English
1994,1,0,0,Ravenna,Ravenna2,Fiction,Adult,Mystery,Null,MYS,English,English
1985,1,0,0,Queen Anne,QueenAnne4,Fiction,Adult,Thriller/Suspense,Null,TH,English,English
2005,1,0,0,Columbia City,ColumbiaCity2,Fiction,Adult,Self Help/Health,Null,SH,English,English
2007,1,0,0,Northgate,Northgate3,Fiction,Adult,Mystery,Null,MYS,English,English
1993,1,0,0,Phinney-Greenwood,Phinney-Green5,Fiction,Adult,SciFi/Fantasy,SciFi/Fantasy,SCIFI,English,English
2014,1,0,0,Laurelhurst,Laurelhurst1,Fiction,Adult,Romance,Null,RO,English,English
2001,1,0,0,Northgate,Northgate1,Fiction,Adult,Drama,Null,DR,English,English
1985,1,1,0,Northgate,Northgate5,Fiction,Adult,Drama,Null,DR,English,English
1996,1,0,0,Central District,CentralDistrict2,Nonfiction,Adult,Self Help/Health,Null,SH,English,English
1997,1,0,0,Montlake,Montlake5,Fiction,Adult,Novel,Null,NOV,English,English
2003,1,0,0,Queen Anne,QueenAnne3,Fiction,Adult,SciFi/Fantasy,Null,SCIFI,English,English
2010,1,0,0,Northgate,Northgate3,Fiction,Adult,Novel,Null,NOV,English,English
2008,1,0,0,Central District,CentralDistrict4,Nonfiction,Adult,Cultural Studies,Null,CS,English,English
1986,1,0,0,Central District,CentralDistrict3,Fiction,Adult,Mystery,Null,MYS,English,English
1961,1,0,0,Ravenna,Ravenna5,Nonfiction,Adult,History,Null,H,English,English
1988,1,0,0,Central District,CentralDistrict6,Nonfiction,Adult,Art,Null,ART,English,English
1997,1,0,0,Ravenna,Ravenna2,Fiction,Adult,Mystery,Null,MYS,English,English
1997,1,0,0,Laurelhurst,Laurelhurst1,Fiction,Adult,Mystery,Null,MYS,English,English
2003,1,0,0,Phinney-Greenwood,Phinney-Green5,Fiction,Adult,Thriller/Suspense,Null,TH,English,English
2002,1,0,0,Northgate,Northgate3,Nonfiction,Childrens,Null,Null,NU,English,English
1984,1,0,0,Ravenna,Ravenna5,Nonfiction,Adult,Self Help/Health,Null,SH,English,English
1996,1,0,0,Phinney-Greenwood,Phinney-Green3,Fiction,Adult,Novel,Null,NOV,English,English
1971,1,0,0,Ravenna,Ravenna5,Nonfiction,Adult,Cookery,Null,CO,English,English
1999,1,0,0,Northgate,Northgate3,Nonfiction,Adult,Cultural Studies,Null,CS,English,English
2006,1,0,0,Queen Anne,QueenAnne5,Nonfiction,Adult,Cookery,Null,CO,English,English
1967,1,0,0,Northgate,Northgate2,Fiction,Adult,Drama,Null,DR,English,English
1986,1,0,0,Northgate,Northgate5,Nonfiction,Adult,Reference,Null,Ref,English,English
2004,1,1,0,Ravenna,Ravenna4,Nonfiction,Adult,Cultural Studies,Null,CS,English,English
1974,1,0,0,Laurelhurst,Laurelhurst4,Fiction,Adult,Thriller/Suspense,Null,TH,English,
1970,1,0,0,Northgate,Northgate3,Fiction,Adult,Novel,Null,NOV,English,
1984,1,0,0,Columbia City,ColumbiaCity5,Nonfiction,Adult,Biography/Autobiography/Memoir,Null,BIO,English,English
2016,1,0,0,Phinney-Greenwood,Phinney-Green3,Nonfiction,Adult,Cultural Studies,Null,CS,English,English
2016,1,0,0,Phinney-Greenwood,Phinney-Green3,Nonfiction,Adult,History,Cultural Studies,H,English,English
2015,1,0,0,Montlake,Montlake6,Fiction,Young Adult,Novel,Null,NOV,English,English
2018,1,0,0,Phinney-Greenwood,Phinney-Green5,Fiction,Adult,Novel,Null,NOV,English,English
2018,1,0,0,Columbia City,ColumbiaCity3,Fiction,Adult,Novel,Null,NOV,English,English
2018,1,0,0,Columbia City,ColumbiaCity3,Fiction,Adult,Novel,Null,NOV,English,English
1993,1,0,0,Central District,CentralDistrict3,Fiction,Adult,Mystery,Null,MYS,English,English
1978,1,0,0,Phinney-Greenwood,Phinney-Green4,Fiction,Childrens,Null,Null,NU,English,English
1982,1,0,0,Central District,CentralDistrict4,Fiction,Childrens,Null,Null,NU,,
2003,1,1,0,Central District,CentralDistrict4,Nonfiction,Adult,Sports,Null,S,English,English
2014,1,0,0,Northgate,Northgate3,Fiction,Childrens,Null,Null,NU,English,English
2010,1,0,0,Columbia City,ColumbiaCity3,Fiction,Childrens,Null,Null,NU,English,English
2011,1,0,0,Columbia City,ColumbiaCity3,Fiction,Childrens,Null,Null,NU,English,English
2011,1,0,0,Columbia City,ColumbiaCity4,Fiction,Childrens,Null,Null,NU,English,English
2010,1,0,0,Queen Anne,QueenAnne5,Fiction,Childrens,Null,Null,NU,English,English
2013,1,0,0,Queen Anne,QueenAnne5,Fiction,Childrens,Null,Null,NU,English,English
2014,1,0,0,Northgate,Northgate3,Fiction,Childrens,Null,Null,NU,English,English
2014,1,0,0,Northgate,Northgate3,Fiction,Childrens,Null,Null,NU,,English
2001,1,0,0,Queen Anne,QueenAnne5,Fiction,Childrens,Null,Null,NU,English,English
2011,1,0,0,Queen Anne,QueenAnne5,Fiction,Adult,Novel,Null,NOV,English,English
1982,1,0,0,Laurelhurst,Laurelhurst1,Fiction,Childrens,Null,Null,NU,English,English
1990,1,0,0,Ravenna,Ravenna5,Fiction,Childrens,Null,Null,NU,English,English
1982,1,0,0,Laurelhurst,Laurelhurst4,Fiction,Adult,Novel,Null,NOV,English,English
1982,1,0,0,Laurelhurst,Laurelhurst6,Fiction,Adult,Novel,Null,NOV,English,English
1990,1,0,0,Northgate,Northgate4,Fiction,Adult,Mystery,Null,MYS,English,English
1986,1,0,0,Montlake,Montlake6,Fiction,Adult,Novel,Null,NOV,English,English
1987,1,0,0,Ravenna,Ravenna2,Fiction,Adult,Romance,Null,RO,English,English
1988,1,0,0,Northgate,Northgate3,Fiction,Adult,Mystery,Null,MYS,English,English
1988,1,0,0,Queen Anne,QueenAnne3,Nonfiction,Adult,Biography/Autobiography/Memoir,Null,BIO,English,English
1988,1,1,0,Central District,CentralDistrict2,Fiction,Adult,Novel,Null,NOV,English,English
1984,1,0,0,Columbia City,ColumbiaCity1,Fiction,Adult,SciFi/Fantasy,Null,SCIFI,English,English
1990,1,0,0,Ravenna,Ravenna5,Fiction,Adult,SciFi/Fantasy,Null,SCIFI,English,English
1991,1,0,0,Central District,CentralDistrict2,Fiction,Adult,Novel,Null,NOV,English,English
2003,1,0,0,Phinney-Greenwood,Phinney-Green3,Nonfiction,Adult,Self Help/Health,Null,SH,English,English
2002,1,0,0,Queen Anne,QueenAnne3,Fiction,Adult,Thriller/Suspense,Null,TH,English,English
2018,1,0,0,Queen Anne,QueenAnne3,Fiction,Childrens,Null,Null,NU,English,English
1994,1,0,0,Phinney-Greenwood,Phinney-Green2,Fiction,Adult,Mystery,Null,MYS,English,English
1996,1,0,0,Montlake,Montlake2,Fiction,Adult,Mystery,Null,MYS,English,English
1996,1,0,0,Montlake,Montlake4,Fiction,Adult,Mystery,Null,MYS,English,English
1995,1,0,0,Laurelhurst,Laurelhurst5,Fiction,Adult,Mystery,Null,MYS,English,English
1997,1,0,0,Central District,CentralDistrict6,Fiction,Adult,Mystery,Null,MYS,English,English
2001,1,0,0,Laurelhurst,Laurelhurst5,Fiction,Adult,Mystery,Null,MYS,English,English
2002,1,0,0,Laurelhurst,Laurelhurst1,Fiction,Adult,Mystery,Null,MYS,English,English
2003,1,0,0,Queen Anne,QueenAnne4,Fiction,Adult,Romance,Null,RO,English,English
2005,1,0,0,Queen Anne,QueenAnne4,Fiction,Adult,Thriller/Suspense,Null,TH,English,English
2011,1,0,0,Phinney-Greenwood,Phinney-Green2,Fiction,Adult,Novel,Null,NOV,English,English
1967,1,0,0,Phinney-Greenwood,Phinney-Green1,Nonfiction,Adult,Biography/Autobiography/Memoir,Null,BIO,English,English
1977,1,0,0,Northgate,Northgate1,Fiction,Adult,Novel,History,NOV,English,English
1997,1,0,0,Queen Anne,QueenAnne4,Fiction,Childrens,Null,Null,NU,English,English
1997,1,0,0,Central District,CentralDistrict3,Fiction,Childrens,Null,Null,NU,English,English
1976,1,0,0,Queen Anne,QueenAnne2,Fiction,Childrens,Null,Null,NU,English,English
1988,1,0,0,Ravenna,Ravenna1,Fiction,Childrens,Null,Null,NU,English,English
1990,1,0,0,Columbia City,ColumbiaCity3,Fiction,Childrens,Null,Null,NU,English,English
1990,1,0,0,Queen Anne,QueenAnne2,Nonfiction,Childrens,Null,Null,NU,English,English
1990,1,1,0,Phinney-Greenwood,Phinney-Green4,Fiction,Young Adult,Novel,Null,NOV,English,English
1988,1,0,0,Phinney-Greenwood,Phinney-Green4,Fiction,Childrens,Null,Null,NU,English,English
1991,1,0,1,Northgate,Northgate3,Fiction,Childrens,Null,Null,NU,English,English
1993,1,0,0,Columbia City,ColumbiaCity3,Nonfiction,Adult,Cultural Studies,Null,CS,English,English
1999,1,0,0,Laurelhurst,Laurelhurst3,Fiction,Childrens,Null,Null,NU,English,English
1996,1,0,0,Northgate,Northgate3,Fiction,Childrens,Null,Null,NU,English,English
1997,1,0,0,Central District,CentralDistrict3,Fiction,Childrens,Null,Null,NU,English,English
1997,1,0,0,Northgate,Northgate1,Fiction,Young Adult,History,Null,H,English,English
1999,1,0,0,Northgate,Northgate3,Nonfiction,Childrens,Null,Null,NU,"English, Undetermined",English
2019,1,0,0,Ravenna,Ravenna1,Fiction,Adult,Thriller/Suspense,Null,TH,English,English
2004,1,0,0,Laurelhurst,Laurelhurst5,Fiction,Adult,Mystery,Null,MYS,English,English
1988,1,0,0,Northgate,Northgate3,Nonfiction,Adult,Nature/Gardening,Null,,English,English
2000,1,0,0,Queen Anne,QueenAnne4,Fiction,Adult,Thriller/Suspense,Null,TH,English,English
2012,1,0,0,Laurelhurst,Laurelhurst5,Fiction,Childrens,Null,Null,NU,English,English
1984,1,0,0,Montlake,Montlake2,Nonfiction,Adult,Cookery,Null,CO,English,English
2005,1,0,0,Northgate,Northgate3,Nonfiction,Adult,Reference,Null,Ref,English,English
1999,1,0,0,Phinney-Greenwood,Phinney-Green4,Fiction,Childrens,Null,Null,NU,English,English
2015,1,0,0,Columbia City,ColumbiaCity3,Nonfiction,Adult,Religion,Null,R,English,English
2014,1,1,0,Phinney-Greenwood,Phinney-Green2,Fiction,Childrens,Null,Null,NU,Spanish,
2009,1,0,0,Ravenna,Ravenna4,Fiction,Childrens,Null,Null,NU,English,English
1998,1,0,0,Ravenna,Ravenna6,Nonfiction,Adult,Self Help/Health,Null,SH,English,English
2002,1,0,0,Phinney-Greenwood,Phinney-Green4,Fiction,Adult,Thriller/Suspense,Null,TH,English,English
2000,1,0,0,Northgate,Northgate4,Fiction,Adult,Novel,Null,NOV,English,English
2004,1,0,0,Northgate,Northgate3,Nonfiction,Adult,Biography/Autobiography/Memoir,History,BIO,English,English
1988,1,0,0,Columbia City,ColumbiaCity3,Fiction,Adult,Novel,History,NOV,English,English
1999,1,0,0,Northgate,Northgate3,Nonfiction,Adult,Self Help/Health,Null,SH,English,English
1996,1,0,0,Laurelhurst,Laurelhurst5,Fiction,Adult,Novel,Null,NOV,English,English
2004,1,0,0,Montlake,Montlake4,Fiction,Adult,Mystery,Null,MYS,English,English
2000,1,0,0,Ravenna,Ravenna5,Fiction,Adult,Mystery,Null,MYS,English,English
2007,1,0,0,Ravenna,Ravenna3,Nonfiction,Adult,Biography/Autobiography/Memoir,Business/Technology,BIO,English,English
2007,1,0,0,Central District,CentralDistrict3,Nonfiction,Adult,Biography/Autobiography/Memoir,Null,BIO,English,English
2011,1,0,0,Phinney-Greenwood,Phinney-Green4,Fiction,Adult,Mystery,Null,MYS,English,English
2007,1,1,0,Central District,CentralDistrict5,Nonfiction,Adult,Biography/Autobiography/Memoir,Null,BIO,,
1978,1,0,0,Northgate,Northgate4,Fiction,Adult,Mystery,Null,MYS,English,English
2009,1,0,0,Queen Anne,QueenAnne3,Fiction,Adult,Novel,Null,NOV,English,English
2008,1,0,0,Central District,CentralDistrict4,Fiction,Adult,SciFi/Fantasy,Null,SCIFI,"English, Undetermined",English
2009,1,0,0,Columbia City,ColumbiaCity1,Fiction,Adult,Thriller/Suspense,Novel,TH,English,English
2000,1,0,1,Montlake,Montlake5,Fiction,Childrens,Null,Null,NU,English,English
2011,1,0,0,Phinney-Greenwood,Phinney-Green3,Fiction,Adult,Novel,Null,NOV,English,English
2011,1,0,0,Phinney-Greenwood,Phinney-Green1,Fiction,Adult,Novel,Null,NOV,English,English
2012,1,0,0,Phinney-Greenwood,Phinney-Green4,Fiction,Young Adult,SciFi/Fantasy,Null,SCIFI,English,English
2018,1,0,0,Central District,CentralDistrict4,Fiction,Adult,Thriller/Suspense,Null,TH,English,English
2012,1,0,0,Central District,CentralDistrict5,Fiction,Adult,History,Null,H,English,English
2014,1,0,0,Phinney-Greenwood,Phinney-Green3,Fiction,Childrens,Null,Null,NU,English,English
2017,1,0,0,Ravenna,Ravenna4,Fiction,Adult,Novel,Null,NOV,English,English
2017,1,0,0,Columbia City,ColumbiaCity4,Fiction,Young Adult,Novel,Null,NOV,English,English
2018,1,1,0,Queen Anne,QueenAnne2,Nonfiction,Adult,Cultural Studies,Anthology,CS,English,English
2018,1,0,0,Phinney-Greenwood,Phinney-Green3,Fiction,Childrens,Null,Null,NU,English,English
2018,1,0,0,Queen Anne,QueenAnne2,Nonfiction,Adult,Cultural Studies,Null,CS,English,English
2000,1,0,0,Phinney-Greenwood,Phinney-Green3,Nonfiction,Adult,Self Help/Health,Null,SH,English,English
2008,1,0,0,Phinney-Greenwood,Phinney-Green4,Fiction,Childrens,Null,Null,NU,English,English
2007,1,0,0,Northgate,Northgate1,Fiction,Childrens,Null,Null,NU,English,English
2010,1,0,0,Ravenna,Ravenna3,Fiction,Childrens,Null,Null,NU,English,English
2012,1,0,0,Ravenna,Ravenna5,Fiction,Adult,Novel,Null,NOV,English,English
1992,1,0,0,Phinney-Greenwood,Phinney-Green3,Fiction,Young Adult,Novel,Null,NOV,English,
1991,1,0,0,Northgate,Northgate3,Fiction,Childrens,Null,Null,NU,English,English
2000,1,0,1,Central District,CentralDistrict4,Nonfiction,Adult,Self Help/Health,Null,SH,English,English
2009,1,0,0,Queen Anne,QueenAnne3,Nonfiction,Adult,Cultural Studies,Null,CS,English,English
2015,1,0,0,Phinney-Greenwood,Phinney-Green3,Fiction,Adult,Mystery,Null,MYS,English,English
1990,1,0,0,Ravenna,Ravenna5,Fiction,Childrens,Null,Null,NU,English,English
1997,1,0,0,Ravenna,Ravenna2,Nonfiction,Adult,Science,Null,SCI,English,English
1998,1,0,0,Phinney-Greenwood,Phinney-Green4,Fiction,Adult,Mystery,Null,MYS,English,English
2001,1,0,0,Ravenna,Ravenna2,Fiction,Adult,Romance,Null,RO,English,English
2000,1,0,0,Ravenna,Ravenna2,Fiction,Adult,Mystery,Null,MYS,English,English
1988,1,0,1,Phinney-Greenwood,Phinney-Green2,Fiction,Childrens,Null,Null,NU,English,English
1978,1,0,0,Phinney-Greenwood,Phinney-Green5,Nonfiction,Adult,Self Help/Health,Null,SH,English,English
1981,1,0,0,Laurelhurst,Laurelhurst5,Fiction,Adult,Mystery,Null,MYS,English,English
1988,1,0,1,Queen Anne,QueenAnne3,Fiction,Childrens,Null,Null,NU,English,English
1989,1,0,0,Central District,CentralDistrict5,Nonfiction,Adult,History,Null,H,English,English
1989,1,0,0,Montlake,Montlake6,Fiction,Adult,SciFi/Fantasy,Null,SCIFI,English,English
1991,1,0,0,Central District,CentralDistrict3,Fiction,Adult,Mystery,Null,MYS,English,English
1992,1,0,0,Phinney-Greenwood,Phinney-Green5,Nonfiction,Adult,Self Help/Health,Null,SH,English,English
1976,1,0,0,Ravenna,Ravenna5,Fiction,Adult,Thriller/Suspense,Null,TH,English,English
1994,1,0,0,Northgate,Northgate3,Nonfiction,Adult,Science,Cultural Studies,SCI,English,English
1979,1,0,0,Montlake,Montlake2,Nonfiction,Adult,Art,History,ART,English,English
1998,1,0,0,Queen Anne,QueenAnne4,Fiction,Adult,Anthology/Essays/Short stories,Null,AN,English,English
1998,1,0,0,Ravenna,Ravenna2,Fiction,Adult,Poetry,Null,P,English,English
1989,1,0,0,Ravenna,Ravenna2,Fiction,Adult,Anthology/Essays/Short stories,Null,AN,English,English
1990,1,1,0,Phinney-Greenwood,Phinney-Green4,Fiction,Adult,Poetry,Null,P,English,English
1995,1,1,0,Montlake,Montlake5,Fiction,Adult,Novel,History,NOV,English,English
1996,1,0,0,Laurelhurst,Laurelhurst5,Fiction,Adult,Anthology/Essays/Short stories,Null,AN,English,English
1989,1,0,0,Northgate,Northgate1,Fiction,Childrens,Null,Null,NU,English,English
1991,1,0,0,Queen Anne,QueenAnne1,Fiction,Young Adult,Novel,Null,NOV,English,English
1992,1,0,0,Ravenna,Ravenna3,Fiction,Childrens,Null,Null,NU,English,English
1981,1,0,0,Central District,CentralDistrict4,Nonfiction,Adult,Self Help/Health,Null,SH,English,
1996,1,0,0,Queen Anne,QueenAnne5,Fiction,Adult,Mystery,Null,MYS,English,English
1995,1,0,0,Laurelhurst,Laurelhurst6,Nonfiction,Adult,Self Help/Health,Null,SH,English,English
1995,1,0,0,Ravenna,Ravenna6,Fiction,Adult,Mystery,Null,MYS,English,English
1999,1,0,0,Phinney-Greenwood,Phinney-Green1,Nonfiction,Adult,Biography/Autobiography/Memoir,Null,BIO,English,English
1981,1,0,0,Phinney-Greenwood,Phinney-Green4,Fiction,Childrens,Null,Null,NU,English,English
1974,1,0,0,Phinney-Greenwood,Phinney-Green4,Fiction,Childrens,Null,Null,NU,English,
1987,1,0,0,Queen Anne,QueenAnne3,Fiction,Childrens,Null,Null,NU,English,English
1991,1,0,0,Columbia City,ColumbiaCity2,Nonfiction,Adult,Cookery,Null,CO,English,English
1991,1,0,0,Columbia City,ColumbiaCity2,Nonfiction,Adult,Cookery,Null,CO,English,English
1992,1,0,0,Northgate,Northgate3,Nonfiction,Adult,Crafts,Null,CR,English,English
1998,1,0,0,Laurelhurst,Laurelhurst5,Fiction,Childrens,Null,Null,NU,English,English
1999,1,0,0,Northgate,Northgate1,Nonfiction,Childrens,Null,Null,NU,English,English
2006,1,0,0,Central District,CentralDistrict4,Fiction,Childrens,Null,Null,NU,English,English
2001,1,0,0,Phinney-Greenwood,Phinney-Green4,Fiction,Childrens,Null,Null,NU,English,English
2005,1,0,0,Phinney-Greenwood,Phinney-Green4,Fiction,Young Adult,Anthology/Essays/Short stories,Null,AN,English,English
2007,1,0,0,Queen Anne,QueenAnne2,Fiction,Childrens,Null,Null,NU,English,English
1995,1,0,0,Northgate,Northgate3,Nonfiction,Adult,Crafts,Null,CR,English,English
1984,1,0,1,Northgate,Northgate3,Nonfiction,Adult,Crafts,Null,CR,English,English
2002,1,0,0,Columbia City,ColumbiaCity5,Nonfiction,Adult,Self Help/Health,Null,SH,English,English
2005,1,0,0,Columbia City,ColumbiaCity4,Fiction,Childrens,Null,Null,NU,English,English
2004,1,0,0,Laurelhurst,Laurelhurst5,Fiction,Childrens,Null,Null,NU,English,English
2017,1,0,0,Northgate,Northgate1,Fiction,Childrens,Null,Null,NU,English,English
2016,1,0,1,Northgate,Northgate3,Fiction,Childrens,Null,Null,NU,English,English
2011,1,0,0,Northgate,Northgate3,Nonfiction,Adult,Self Help/Health,Cultural Studies,SH,English,English
2001,1,0,0,Central District,CentralDistrict6,Nonfiction,Adult,Cultural Studies,Null,CS,English,English
2001,1,0,0,Queen Anne,QueenAnne3,Fiction,Adult,Anthology/Essays/Short stories,Null,AN,English,English
2004,1,0,0,Queen Anne,QueenAnne3,Nonfiction,Adult,Cultural Studies,Null,CS,English,English
2002,1,0,0,Queen Anne,QueenAnne4,Fiction,Adult,Novel,Null,NOV,English,English
2002,1,0,0,Queen Anne,QueenAnne5,Fiction,Adult,Thriller/Suspense,Null,TH,English,English
2006,1,0,0,Central District,CentralDistrict1,Fiction,Adult,Thriller/Suspense,Novel,TH,English,English
2008,1,0,0,Ravenna,Ravenna4,Fiction,Adult,Novel,Null,NOV,English,English
1991,1,0,0,Laurelhurst,Laurelhurst2,Fiction,Adult,Mystery,Null,MYS,English,English
2004,1,0,0,Ravenna,Ravenna3,Nonfiction,Adult,Travel,Null,TR,English,English
2013,1,0,0,Laurelhurst,Laurelhurst6,Fiction,Adult,Novel,Null,NOV,English,English
2008,1,0,0,Ravenna,Ravenna3,Nonfiction,Adult,Science,Null,SCI,English,English
2009,1,0,0,Phinney-Greenwood,Phinney-Green3,Fiction,Childrens,Null,Null,NU,English,English
2002,1,0,0,Phinney-Greenwood,Phinney-Green4,Fiction,Adult,Mystery,Null,MYS,English,English
2010,1,0,0,Phinney-Greenwood,Phinney-Green3,Fiction,Adult,Novel,Null,NOV,English,English
2016,1,0,0,Montlake,Montlake4,Nonfiction,Adult,Self Help/Health,Null,SH,English,English
2012,1,0,0,Ravenna,Ravenna5,Fiction,Adult,Mystery,Null,MYS,English,English
2007,1,0,0,Northgate,Northgate3,Fiction,Childrens,Null,Null,NU,English,English
2008,1,0,0,Columbia City,ColumbiaCity3,Fiction,Childrens,Null,Null,NU,English,English
2009,1,0,0,Queen Anne,QueenAnne1,Fiction,Childrens,Null,Null,NU,English,English
2015,1,0,0,Ravenna,Ravenna5,Fiction,Childrens,Null,Null,NU,English,English
2000,1,0,0,Queen Anne,QueenAnne4,Fiction,Adult,Novel,Religion,NOV,English,English
2000,1,0,0,Queen Anne,QueenAnne5,Fiction,Adult,Classics,Null,CL,English,English
2003,1,0,0,Northgate,Northgate3,Fiction,Adult,Novel,History,NOV,English,English
2004,1,0,0,Northgate,Northgate3,Fiction,Adult,SciFi/Fantasy,Null,SCIFI,English,English
2005,1,0,0,Ravenna,Ravenna2,Fiction,Adult,Romance,Null,RO,English,English
2013,1,0,0,Montlake,Montlake5,Nonfiction,Adult,History,Null,H,English,English
1979,1,0,0,Queen Anne,QueenAnne3,Fiction,Adult,Thriller/Suspense,Null,TH,English,English
2014,1,0,0,Phinney-Greenwood,Phinney-Green4,Fiction,Adult,Thriller/Suspense,Null,TH,English,English
2015,1,0,0,Phinney-Greenwood,Phinney-Green4,Fiction,Adult,Romance,Null,RO,English,English
2017,1,0,0,Central District,CentralDistrict2,Fiction,Adult,Novel,Null,NOV,English,English
2001,1,0,0,Northgate,Northgate1,Fiction,Childrens,Null,Null,NU,English,English
2001,1,0,0,Phinney-Greenwood,Phinney-Green3,Fiction,Adult,Novel,Null,NOV,English,English
2004,1,0,1,Northgate,Northgate3,Nonfiction,Childrens,Null,Null,NU,English,
2003,1,0,0,Phinney-Greenwood,Phinney-Green2,Fiction,Childrens,Null,Null,NU,English,
2006,1,0,0,Ravenna,Ravenna5,Fiction,Childrens,Null,Null,NU,English,English
2007,1,0,0,Phinney-Greenwood,Phinney-Green3,Fiction,Adult,Mystery,Null,MYS,English,English
2002,1,0,0,Northgate,Northgate3,Nonfiction,Adult,Biography/Autobiography/Memoir,Null,BIO,English,English
2002,1,0,0,Northgate,Northgate3,Nonfiction,Childrens,Null,Null,NU,English,English
2003,1,0,0,Queen Anne,QueenAnne1,Fiction,Childrens,Null,Null,NU,English,English
2004,1,0,0,Northgate,Northgate3,Nonfiction,Childrens,Null,Null,NU,English,English
2011,1,0,0,Northgate,Northgate3,Nonfiction,Childrens,Null,Null,NU,English,English
1986,1,0,0,Laurelhurst,Laurelhurst4,Fiction,Childrens,Null,Null,NU,English,English
1979,1,0,0,Laurelhurst,Laurelhurst3,Fiction,Adult,Cookery,Null,CO,English,
1976,1,0,0,Queen Anne,QueenAnne4,Fiction,Adult,Romance,Null,RO,English,English
2010,1,0,0,Northgate,Northgate3,Nonfiction,Adult,Sports,Null,S,English,English
2007,1,0,0,Laurelhurst,Laurelhurst3,Fiction,Adult,SciFi/Fantasy,Null,SCIFI,English,English
2009,1,0,0,Laurelhurst,Laurelhurst3,Fiction,Adult,SciFi/Fantasy,Null,SCIFI,English,English
1992,1,0,0,Laurelhurst,Laurelhurst5,Fiction,Adult,Mystery,Null,MYS,English,English
1987,1,0,0,Laurelhurst,Laurelhurst2,Fiction,Adult,Mystery,Null,MYS,English,English
1987,1,1,0,Phinney-Greenwood,Phinney-Green2,Fiction,Childrens,Null,Null,NU,,
1999,1,0,0,Phinney-Greenwood,Phinney-Green3,Fiction,Young Adult,Novel,Null,NOV,English,English
2005,1,0,0,Central District,CentralDistrict3,Nonfiction,Childrens,Null,Null,NU,English,English
2005,1,0,0,Phinney-Greenwood,Phinney-Green4,Nonfiction,Adult,Cultural Studies,Null,CS,English,English
2009,1,0,0,Central District,CentralDistrict3,Fiction,Childrens,Null,Null,NU,English,English
1971,1,0,0,Ravenna,Ravenna6,Nonfiction,Adult,History,Null,H,English,English
2007,1,0,0,Columbia City,ColumbiaCity4,Fiction,Adult,Anthology/Essays/Short stories,Null,AN,English,English
1998,1,0,0,Columbia City,ColumbiaCity1,Nonfiction,Adult,Cultural Studies,Null,CS,"English, French",English
1997,1,0,0,Northgate,Northgate3,Nonfiction,Childrens,Null,Null,NU,English,English
2017,1,0,0,Northgate,Northgate2,Fiction,Adult,Novel,Null,NOV,English,English
1995,1,0,0,Laurelhurst,Laurelhurst3,Nonfiction,Adult,Cookery,Null,CO,English,English
1971,1,0,0,Queen Anne,QueenAnne1,Nonfiction,Adult,Cultural Studies,Null,CS,English,English
1987,1,0,0,Northgate,Northgate3,Fiction,Adult,SciFi/Fantasy,Null,SCIFI,English,English
1994,1,0,0,Ravenna,Ravenna2,Fiction,Adult,SciFi/Fantasy,Null,SCIFI,English,English
1995,1,0,0,Northgate,Northgate3,Fiction,Adult,SciFi/Fantasy,Null,SCIFI,English,English
1998,1,0,0,Northgate,Northgate3,Fiction,Adult,SciFi/Fantasy,Null,SCIFI,English,English
1994,1,0,0,Laurelhurst,Laurelhurst2,Fiction,Adult,SciFi/Fantasy,Null,SCIFI,English,English
2005,1,0,0,Northgate,Northgate3,Fiction,Adult,Novel,Null,NOV,English,English
2009,1,0,0,Phinney-Greenwood,Phinney-Green4,Fiction,Adult,Novel,Null,NOV,English,English
2011,1,1,0,Laurelhurst,Laurelhurst6,Nonfiction,Adult,Religion,Null,R,English,English
2017,1,0,0,Northgate,Northgate5,Fiction,Adult,Novel,Null,NOV,English,English
1999,1,0,0,Columbia City,ColumbiaCity5,Nonfiction,Adult,Cookery,Null,CO,English,English
1999,1,0,1,Northgate,Northgate3,Fiction,Childrens,Null,Null,NU,English,English
1969,1,0,0,Queen Anne,QueenAnne3,Fiction,Childrens,Null,Null,NU,English,English
1982,1,0,0,Northgate,Northgate3,Fiction,Childrens,Null,Null,NU,English,English
1999,1,0,0,Central District,CentralDistrict4,Fiction,Adult,Romance,Null,RO,English,English
1999,1,0,0,Northgate,Northgate3,Nonfiction,Childrens,Null,Null,NU,English,English
1988,1,1,0,Laurelhurst,Laurelhurst4,Fiction,Adult,Novel,Null,NOV,English,English
1999,1,0,0,Phinney-Greenwood,Phinney-Green2,Nonfiction,Adult,Self Help/Health,Null,SH,English,English
1950,1,0,0,Columbia City,ColumbiaCity4,Nonfiction,Adult,Business/Technology,Null,BU,English,English
1993,1,0,0,Phinney-Greenwood,Phinney-Green3,Fiction,Childrens,Null,Null,NU,English,English
1993,1,0,0,Queen Anne,QueenAnne5,Nonfiction,Childrens,Null,Null,NU,English,English
1979,1,0,0,Northgate,Northgate3,Nonfiction,Adult,Nature/Gardening,Null,,English,English
1978,1,0,0,Laurelhurst,Laurelhurst2,Nonfiction,Adult,Self Help/Health,Null,SH,English,English
1987,1,0,0,Phinney-Greenwood,Phinney-Green3,Nonfiction,Childrens,Null,Null,NU,English,English
2012,1,0,0,Northgate,Northgate3,Nonfiction,Adult,Self Help/Health,Null,SH,English,English
1995,1,0,0,Phinney-Greenwood,Phinney-Green3,Nonfiction,Adult,Travel,Null,TR,English,German
1999,1,0,0,Phinney-Greenwood,Phinney-Green3,Nonfiction,Adult,Self Help/Health,Null,SH,English,English
2006,1,0,0,Phinney-Greenwood,Phinney-Green2,Nonfiction,Adult,Self Help/Health,Null,SH,English,English
1998,1,0,1,Northgate,Northgate3,Nonfiction,Adult,Crafts,Null,CR,English,English
2011,1,1,0,Northgate,Northgate1,Nonfiction,Adult,Religion,Self Help/Health,R,English,English
1977,1,0,0,Phinney-Greenwood,Phinney-Green3,Nonfiction,Adult,Crafts,Null,CR,English,English
1987,1,0,0,Northgate,Northgate3,Fiction,Adult,Novel,Null,NOV,English,English
1997,1,0,0,Laurelhurst,Laurelhurst4,Fiction,Adult,Novel,History,NOV,English,English
1994,1,0,0,Laurelhurst,Laurelhurst6,Nonfiction,Adult,Self Help/Health,Anthology,SH,English,English
1985,1,0,0,Columbia City,ColumbiaCity1,Nonfiction,Adult,Self Help/Health,Null,SH,English,English
1983,1,1,0,Northgate,Northgate2,Nonfiction,Adult,Religion,Null,R,English,Chinese
1983,1,1,0,Northgate,Northgate3,Nonfiction,Adult,Religion,Null,R,English,Chinese
1992,1,0,0,Central District,CentralDistrict4,Nonfiction,Adult,History,Null,H,English,English
1974,1,0,0,Columbia City,ColumbiaCity2,Nonfiction,Adult,Biography/Autobiography/Memoir,Null,BIO,English,English
1989,1,0,0,Northgate,Northgate3,Nonfiction,Adult,Sports,Null,S,English,English
1989,1,0,1,Northgate,Northgate3,Nonfiction,Adult,Sports,Null,S,English,
2005,1,0,0,Northgate,Northgate3,Fiction,Adult,Novel,Null,NOV,English,English
1977,1,0,0,Ravenna,Ravenna3,Fiction,Adult,SciFi/Fantasy,Novel,SCIFI,English,English
2015,1,0,1,Phinney-Greenwood,Phinney-Green3,Fiction,Childrens,Null,Null,NU,English,English
2002,1,0,1,Central District,CentralDistrict4,Nonfiction,Adult,Religion,Self Help/Health,R,English,English
2011,1,1,0,Montlake,Montlake5,Fiction,Childrens,Null,Null,NU,Thai,Thai
1993,1,0,0,Laurelhurst,Laurelhurst6,Nonfiction,Adult,Travel,Null,TR,English,English
1991,1,0,0,Ravenna,Ravenna3,Nonfiction,Adult,Cookery,Null,CO,English,English
1984,1,1,0,Northgate,Northgate2,Nonfiction,Adult,Religion,Null,R,"Hindi, English",English
2014,1,1,0,Northgate,Northgate3,Fiction,Adult,Novel,Null,NOV,English,English
2016,1,0,0,Northgate,Northgate2,Fiction,Adult,Biography/Autobiography/Memoir,Null,BIO,English,English
2001,1,0,0,Phinney-Greenwood,Phinney-Green3,Nonfiction,Adult,Self Help/Health,Null,SH,English,English
1991,1,0,0,Ravenna,Ravenna3,Fiction,Childrens,Null,Null,NU,English,English
1988,1,0,0,Phinney-Greenwood,Phinney-Green3,Nonfiction,Adult,Sports,Null,S,English,English
1993,1,0,0,Northgate,Northgate5,Fiction,Adult,Classics,Null,CL,English,English
1984,1,0,0,Phinney-Greenwood,Phinney-Green3,Nonfiction,Adult,History,Null,H,English,English
1990,1,0,1,Northgate,Northgate3,Nonfiction,Adult,Crafts,Null,CR,,
1987,1,0,0,Central District,CentralDistrict5,Nonfiction,Adult,Self Help/Health,Null,SH,English,
1998,1,0,0,Montlake,Montlake4,Fiction,Adult,Novel,Null,NOV,English,English
1980,1,0,0,Montlake,Montlake2,Nonfiction,Adult,Cookery,Null,CO,English,English
1985,1,0,0,Montlake,Montlake2,Fiction,Adult,Poetry,Null,P,English,Swedish
2013,1,0,0,Phinney-Greenwood,Phinney-Green3,Fiction,Adult,Travel,Null,TR,English,English
2002,1,0,0,Montlake,Montlake6,Nonfiction,Adult,Cookery,Null,CO,English,English
1993,1,0,0,Central District,CentralDistrict3,Nonfiction,Adult,Nature/Gardening,Null,,English,English
2007,1,0,0,Central District,CentralDistrict1,Fiction,Adult,Religion,Null,R,English,English
2001,1,0,0,Phinney-Greenwood,Phinney-Green4,Fiction,Adult,Novel,Null,NOV,English,English
2001,1,0,0,Columbia City,ColumbiaCity4,Nonfiction,Adult,Art,Null,ART,English,English
2009,1,1,0,Queen Anne,QueenAnne4,Fiction,Adult,Classics,Novel,CL,Spanish,Spanish
1996,1,0,0,Phinney-Greenwood,Phinney-Green5,Nonfiction,Adult,Self Help/Health,Null,SH,English,
2016,1,0,0,Ravenna,Ravenna2,Fiction,Adult,SciFi/Fantasy,Null,SCIFI,English,
1986,1,0,0,Laurelhurst,Laurelhurst5,Nonfiction,Childrens,Null,Null,NU,English,English
1998,1,0,0,Phinney-Greenwood,Phinney-Green2,Nonfiction,Adult,Religion,Null,R,English,English
2004,1,0,1,Montlake,Montlake5,Nonfiction,Adult,Self Help/Health,Null,SH,English,English
2014,1,0,0,Queen Anne,QueenAnne2,Fiction,Adult,Novel,Null,NOV,English,English
2001,1,0,0,Phinney-Greenwood,Phinney-Green4,Fiction,Adult,Novel,Null,NOV,English,English
2014,1,0,0,Phinney-Greenwood,Phinney-Green3,Fiction,Childrens,Null,Null,NU,English,English
2015,1,0,0,Queen Anne,QueenAnne1,Fiction,Childrens,Null,Null,NU,English,English
2016,1,0,0,Phinney-Greenwood,Phinney-Green4,Fiction,Adult,SciFi/Fantasy,Null,SCIFI,English,English
2014,1,0,0,Queen Anne,QueenAnne5,Fiction,Adult,Mystery,Null,MYS,English,English
2003,1,0,0,Ravenna,Ravenna1,Fiction,Childrens,Null,Null,NU,English,English
2001,1,0,0,Ravenna,Ravenna3,Fiction,Young Adult,SciFi/Fantasy,Novel,SCIFI,English,English
1964,1,1,0,Columbia City,ColumbiaCity1,Nonfiction,Adult,Religion,Null,R,English,English
2007,1,0,0,Phinney-Greenwood,Phinney-Green3,Fiction,Adult,Novel,Null,NOV,English,English
2007,1,0,0,Northgate,Northgate4,Nonfiction,Adult,Cookery,Self Help/Health,CO,English,English
1979,1,0,1,Phinney-Greenwood,Phinney-Green4,Fiction,Childrens,Null,Null,NU,English,English
2008,1,0,0,Central District,CentralDistrict3,Nonfiction,Adult,Biography/Autobiography/Memoir,Null,BIO,English,English
2010,1,0,0,Queen Anne,QueenAnne1,Fiction,Adult,Thriller/Suspense,Null,TH,English,English
2011,1,0,0,Ravenna,Ravenna1,Fiction,Adult,Mystery,Null,MYS,English,English
2012,1,0,0,Central District,CentralDistrict4,Fiction,Adult,Mystery,Null,MYS,English,English
2014,1,0,0,Laurelhurst,Laurelhurst5,Nonfiction,Childrens,Null,Null,NU,English,English
2007,1,0,0,Phinney-Greenwood,Phinney-Green5,Fiction,Childrens,Religion,Null,R,English,English
1998,1,0,0,Central District,CentralDistrict2,Fiction,Adult,Novel,Null,NOV,English,English
2011,1,0,0,Laurelhurst,Laurelhurst2,Fiction,Young Adult,Novel,Null,NOV,English,English
2001,1,0,0,Ravenna,Ravenna2,Fiction,Adult,Thriller/Suspense,Null,TH,English,English
2002,1,0,0,Montlake,Montlake6,Fiction,Adult,Thriller/Suspense,Null,TH,English,English
2007,1,1,0,Laurelhurst,Laurelhurst4,Fiction,Adult,Novel,Null,NOV,English,English
1984,1,0,0,Queen Anne,QueenAnne5,Fiction,Childrens,Null,Null,NU,English,English
2013,1,0,0,Phinney-Greenwood,Phinney-Green2,Fiction,Adult,Novel,Null,NOV,English,English
2001,1,0,0,Laurelhurst,Laurelhurst4,Nonfiction,Adult,Biography/Autobiography/Memoir,Null,BIO,English,English
2002,1,1,0,Columbia City,ColumbiaCity4,Nonfiction,Adult,Biography/Autobiography/Memoir,Null,BIO,English,English
2003,1,0,1,Phinney-Greenwood,Phinney-Green4,Fiction,Childrens,Null,Null,NU,English,English
2009,1,0,0,Northgate,Northgate3,Nonfiction,Childrens,Null,Null,NU,English,English
1993,1,0,0,Northgate,Northgate3,Fiction,Adult,Novel,Null,NOV,English,English
2015,1,0,0,Queen Anne,QueenAnne3,Fiction,Adult,Thriller/Suspense,Null,TH,English,English
1978,1,0,0,Ravenna,Ravenna2,Fiction,Adult,Romance,Null,RO,English,
2014,1,0,0,Ravenna,Ravenna3,Fiction,Adult,Romance,Novel,RO,English,English
2008,1,1,0,Columbia City,ColumbiaCity4,Nonfiction,Adult,Biography/Autobiography/Memoir,Null,BIO,English,English
1998,1,1,0,Ravenna,Ravenna2,Fiction,Adult,Novel,Null,NOV,English,English
2006,1,0,0,Laurelhurst,Laurelhurst2,Fiction,Childrens,Null,Null,NU,English,English
2013,1,0,0,Queen Anne,QueenAnne1,Fiction,Adult,Novel,Null,NOV,English,English
2006,1,0,0,Central District,CentralDistrict4,Fiction,Childrens,Null,Null,NU,English,English
2009,1,1,0,Central District,CentralDistrict2,Fiction,Adult,Novel,Null,NOV,English,English
2015,1,0,0,Northgate,Northgate3,Nonfiction,Childrens,Null,Null,NU,English,English
1996,1,0,0,Columbia City,ColumbiaCity2,Fiction,Adult,Anthology/Essays/Short stories,Null,AN,English,English
1975,1,0,0,Northgate,Northgate3,Nonfiction,Adult,Reference,Null,Ref,English,English
1986,1,0,0,Laurelhurst,Laurelhurst2,Fiction,Adult,Thriller/Suspense,Null,TH,English,English
2014,1,0,0,Phinney-Greenwood,Phinney-Green3,Fiction,Adult,Thriller/Suspense,Null,TH,English,English
2016,1,0,0,Montlake,Montlake5,Nonfiction,Adult,Self Help/Health,Null,SH,English,English
2016,1,0,0,Northgate,Northgate1,Fiction,Adult,Thriller/Suspense,Null,TH,English,English
1990,1,0,1,Columbia City,ColumbiaCity2,Nonfiction,Adult,Reference,Null,Ref,English,English
2000,1,0,0,Queen Anne,QueenAnne4,Fiction,Adult,Mystery,Null,MYS,English,English
2015,1,1,0,Queen Anne,QueenAnne4,Nonfiction,Adult,Biography/Autobiography/Memoir,Null,BIO,English,English
2002,1,0,0,Central District,CentralDistrict3,Fiction,Childrens,Null,Null,NU,English,English
1978,1,0,0,Phinney-Greenwood,Phinney-Green4,Fiction,Childrens,Null,Null,NU,English,English
2003,1,0,0,Queen Anne,QueenAnne5,Fiction,Childrens,Null,Null,NU,English,English
2006,1,0,0,Columbia City,ColumbiaCity4,Fiction,Childrens,Null,Null,NU,English,English
2006,1,0,0,Phinney-Greenwood,Phinney-Green5,Fiction,Young Adult,SciFi/Fantasy,Null,SCIFI,English,
2007,1,0,0,Ravenna,Ravenna4,Fiction,Childrens,Null,Null,NU,English,English
1992,1,0,0,Phinney-Greenwood,Phinney-Green5,Fiction,Adult,Thriller/Suspense,Null,TH,English,English
1992,1,0,0,Ravenna,Ravenna4,Fiction,Adult,Thriller/Suspense,Null,TH,English,English
1995,1,0,0,Northgate,Northgate4,Fiction,Adult,Mystery,Null,MYS,English,English
1996,1,0,0,Central District,CentralDistrict4,Fiction,Adult,Thriller/Suspense,Null,TH,English,English
1986,1,0,0,Columbia City,ColumbiaCity3,Fiction,Childrens,Null,Null,NU,English,English
2004,1,0,0,Phinney-Greenwood,Phinney-Green4,Fiction,Childrens,Null,Null,NU,English,English
1995,1,0,0,Phinney-Greenwood,Phinney-Green2,Fiction,Adult,Mystery,Null,MYS,English,English
2011,1,0,0,Ravenna,Ravenna4,Nonfiction,Adult,Thriller/Suspense,Null,TH,English,English
1991,1,0,0,Northgate,Northgate3,Nonfiction,Childrens,Null,Null,NU,English,English
2001,1,0,0,Northgate,Northgate3,Fiction,Childrens,Null,Null,NU,English,English
1998,1,0,0,Queen Anne,QueenAnne5,Fiction,Adult,Novel,Null,NOV,English,English
2003,1,0,0,Queen Anne,QueenAnne4,Fiction,Adult,Thriller/Suspense,Null,TH,English,English
2012,1,0,0,Queen Anne,QueenAnne1,Fiction,Adult,Novel,Null,NOV,English,English
1993,1,0,0,Columbia City,ColumbiaCity4,Fiction,Adult,Novel,Null,NOV,"English, Achinese",English
2007,1,0,0,Phinney-Greenwood,Phinney-Green3,Fiction,Adult,Novel,Null,NOV,English,English
2009,1,0,0,Central District,CentralDistrict2,Nonfiction,Adult,Business/Technology,Null,BU,English,English
1993,1,0,0,Northgate,Northgate3,Fiction,Adult,Mystery,Null,MYS,English,English
2011,1,0,0,Central District,CentralDistrict2,Fiction,Adult,Novel,Null,NOV,English,English
2011,1,0,0,Central District,CentralDistrict4,Fiction,Adult,Romance,Null,RO,English,English
1982,1,0,0,Columbia City,ColumbiaCity5,Nonfiction,Adult,Biography/Autobiography/Memoir,Null,BIO,English,English
1982,1,0,0,Laurelhurst,Laurelhurst5,Nonfiction,Childrens,Religion,Null,R,English,English
2015,1,0,0,Northgate,Northgate4,Fiction,Adult,Thriller/Suspense,Null,TH,English,English
2008,1,0,0,Central District,CentralDistrict3,Fiction,Childrens,Null,Null,NU,English,English
2014,1,0,0,Northgate,Northgate3,Fiction,Childrens,Null,Null,NU,,English
2012,1,0,0,Phinney-Greenwood,Phinney-Green4,Fiction,Adult,Novel,Null,NOV,English,English
1988,1,0,0,Laurelhurst,Laurelhurst2,Fiction,Adult,Novel,Null,NOV,English,English
1991,1,0,0,Ravenna,Ravenna2,Nonfiction,Adult,Cultural Studies,Null,CS,English,English
2006,1,0,0,Queen Anne,QueenAnne3,Fiction,Adult,SciFi/Fantasy,SciFi/Fantasy,SCIFI,English,English
1997,1,0,0,Phinney-Greenwood,Phinney-Green2,Fiction,Adult,Drama,Null,DR,English,
1997,1,0,1,Phinney-Greenwood,Phinney-Green3,Fiction,Childrens,Null,Null,NU,English,English
2000,1,0,0,Northgate,Northgate1,Nonfiction,Childrens,Null,Null,NU,English,English
2004,1,1,0,Laurelhurst,Laurelhurst3,Fiction,Adult,Novel,Null,NOV,English,English
2007,1,0,0,Montlake,Montlake4,Fiction,Adult,Novel,Null,NOV,English,English
1998,1,0,0,Northgate,Northgate3,Fiction,Adult,Novel,Null,NOV,English,English
2002,1,0,0,Ravenna,Ravenna2,Fiction,Adult,Mystery,Null,MYS,English,English
1990,1,0,0,Queen Anne,QueenAnne3,Fiction,Adult,Romance,Null,RO,English,English
1994,1,0,0,Ravenna,Ravenna5,Fiction,Adult,Mystery,Null,MYS,English,English
1992,1,0,0,Northgate,Northgate2,Fiction,Adult,Novel,Null,NOV,English,English
1997,1,0,0,Ravenna,Ravenna4,Fiction,Adult,History,Novel,H,English,English
2007,1,0,0,Northgate,Northgate3,Fiction,Childrens,Null,Null,NU,English,English
1987,1,0,0,Phinney-Greenwood,Phinney-Green3,Fiction,Childrens,Null,Null,NU,English,English
1989,1,0,0,Laurelhurst,Laurelhurst5,Nonfiction,Childrens,Null,Null,NU,English,English
1999,1,0,0,Queen Anne,QueenAnne2,Fiction,Adult,Novel,Null,NOV,English,English
2004,1,0,0,Northgate,Northgate3,Fiction,Adult,Novel,Null,NOV,English,English
1999,1,0,0,Northgate,Northgate1,Fiction,Childrens,Null,Null,NU,English,English
2013,1,0,0,Northgate,Northgate1,Fiction,Childrens,Null,Null,NU,English,English
2006,1,0,0,Montlake,Montlake5,Fiction,Adult,Novel,Null,NOV,English,English
2004,1,0,0,Northgate,Northgate3,Fiction,Adult,SciFi/Fantasy,Null,SCIFI,English,English
2003,1,0,0,Northgate,Northgate4,Nonfiction,Adult,Self Help/Health,Null,SH,English,English
2004,1,0,0,Phinney-Greenwood,Phinney-Green3,Fiction,Adult,Novel,Null,NOV,English,English
2002,1,0,0,Phinney-Greenwood,Phinney-Green3,Fiction,Adult,SciFi/Fantasy,Null,SCIFI,English,English
2001,1,0,0,Northgate,Northgate3,Nonfiction,Adult,Cultural Studies,Null,CS,English,English
2007,1,0,1,Central District,CentralDistrict4,Nonfiction,Adult,Biography/Autobiography/Memoir,History,BIO,English,English
2018,1,0,0,Queen Anne,QueenAnne3,Fiction,Adult,Novel,Null,NOV,English,English
2006,1,0,0,Laurelhurst,Laurelhurst3,Fiction,Adult,SciFi/Fantasy,Null,SCIFI,English,English
2014,1,0,0,Laurelhurst,Laurelhurst4,Nonfiction,Adult,Travel,Null,TR,English,English
2015,1,1,0,Central District,CentralDistrict6,Fiction,Adult,Novel,Null,NOV,English,English
2010,1,0,1,Montlake,Montlake5,Nonfiction,Adult,Reference,Null,Ref,,
2001,1,0,0,Central District,CentralDistrict4,Nonfiction,Childrens,Religion,Null,R,"English, Spanish",English
2016,1,1,0,Northgate,Northgate2,Fiction,Adult,Thriller/Suspense,Null,TH,English,English
2017,1,1,0,Northgate,Northgate3,Nonfiction,Adult,Art,Null,ART,English,English
2013,1,0,0,Laurelhurst,Laurelhurst4,Fiction,Adult,Novel,Null,NOV,English,English
2017,1,0,0,Phinney-Greenwood,Phinney-Green1,Fiction,Adult,Novel,Null,NOV,English,English
2017,1,0,0,Phinney-Greenwood,Phinney-Green1,Fiction,Adult,Novel,Null,NOV,English,English
1984,1,0,0,Ravenna,Ravenna5,Fiction,Adult,SciFi/Fantasy,Null,SCIFI,English,English
2009,1,0,0,Columbia City,ColumbiaCity4,Fiction,Adult,Romance,Null,RO,English,
2003,1,0,0,Phinney-Greenwood,Phinney-Green4,Fiction,Childrens,Null,Null,NU,English,English
2013,1,0,0,Montlake,Montlake6,Fiction,Young Adult,SciFi/Fantasy,Null,SCIFI,"English, French",English
2013,1,0,0,Northgate,Northgate3,Fiction,Adult,Novel,History,NOV,English,English
2005,1,0,0,Northgate,Northgate2,Nonfiction,Adult,History,Mystery,H,English,English
2012,1,0,0,Laurelhurst,Laurelhurst5,Nonfiction,Adult,Biography/Autobiography/Memoir,Null,BIO,English,English
2010,1,0,0,Central District,CentralDistrict4,Fiction,Young Adult,SciFi/Fantasy,Null,SCIFI,English,English
2009,1,0,0,Ravenna,Ravenna2,Fiction,Young Adult,Novel,Null,NOV,English,English
2009,1,0,0,Ravenna,Ravenna4,Fiction,Childrens,Null,Null,NU,English,English
2012,1,0,0,Phinney-Greenwood,Phinney-Green3,Fiction,Childrens,Null,Null,NU,English,English
2014,1,0,0,Ravenna,Ravenna3,Fiction,Adult,Mystery,Novel,MYS,English,English
2012,1,0,0,Columbia City,ColumbiaCity2,Fiction,Adult,Thriller/Suspense,Null,TH,English,English
2014,1,0,0,Columbia City,ColumbiaCity2,Fiction,Adult,Novel,History,NOV,English,English
2013,1,0,0,Columbia City,ColumbiaCity3,Fiction,Adult,Mystery,Null,MYS,English,English
2016,1,0,0,Phinney-Greenwood,Phinney-Green3,Fiction,Adult,Novel,Null,NOV,English,English
2016,1,0,0,Northgate,Northgate1,Nonfiction,Adult,Religion,Self Help/Health,R,English,English
2014,1,1,0,Columbia City,ColumbiaCity3,Fiction,Young Adult,Novel,Null,NOV,English,English
2011,1,0,0,Northgate,Northgate3,Nonfiction,Adult,Biography/Autobiography/Memoir,History,BIO,English,English
2017,1,0,0,Central District,CentralDistrict4,Fiction,Adult,Thriller/Suspense,Null,TH,English,English
2018,1,0,0,Central District,CentralDistrict6,Nonfiction,Adult,Biography/Autobiography/Memoir,Null,BIO,English,English
1999,1,0,0,Northgate,Northgate3,Nonfiction,Adult,Self Help/Health,Null,SH,English,English
2000,1,0,0,Northgate,Northgate1,Nonfiction,Adult,Religion,Self Help/Health,R,English,English
2003,1,1,0,Northgate,Northgate2,Fiction,Adult,Novel,Null,NOV,English,English
2012,1,0,0,Ravenna,Ravenna3,Nonfiction,Adult,Biography/Autobiography/Memoir,Graphic/Manga,BIO,English,English
2010,1,0,0,Northgate,Northgate3,Nonfiction,Adult,Religion,Null,R,English,English
2012,1,0,0,Ravenna,Ravenna4,Fiction,Childrens,Null,Null,NU,English,English
2012,1,0,0,Northgate,Northgate2,Fiction,Adult,Novel,Null,NOV,English,English
2013,1,0,0,Ravenna,Ravenna1,Fiction,Adult,SciFi/Fantasy,Null,SCIFI,English,English
2013,1,0,0,Laurelhurst,Laurelhurst4,Nonfiction,Adult,Sports,Null,S,English,English
2016,1,0,0,Ravenna,Ravenna3,Nonfiction,Adult,Sports,Null,S,English,English
1988,1,1,0,Central District,CentralDistrict5,Nonfiction,Adult,Biography/Autobiography/Memoir,Null,BIO,Japanese,
2008,1,0,0,Northgate,Northgate3,Nonfiction,Adult,Biography/Autobiography/Memoir,Religion,BIO,English,
2010,1,0,0,Ravenna,Ravenna6,Nonfiction,Adult,Self Help/Health,Null,SH,English,English
2011,1,0,0,Columbia City,ColumbiaCity3,Nonfiction,Adult,SciFi/Fantasy,Null,SCIFI,English,English
2009,1,0,0,Columbia City,ColumbiaCity4,Fiction,Adult,Romance,Null,RO,English,
2013,1,0,0,Northgate,Northgate3,Fiction,Adult,Novel,Religion,NOV,English,English
2013,1,0,0,Northgate,Northgate3,Fiction,Adult,Novel,Religion,NOV,English,English
2011,1,0,0,Northgate,Northgate3,Fiction,Childrens,Null,Null,NU,English,
2013,1,0,0,Northgate,Northgate1,Nonfiction,Adult,Business/Technology,Null,BU,Spanish,English
2008,1,1,0,Phinney-Greenwood,Phinney-Green4,Fiction,Childrens,Null,Null,NU,English,
2015,1,1,0,Ravenna,Ravenna6,Fiction,Adult,Novel,Null,NOV,English,English
2005,1,0,0,Montlake,Montlake4,Nonfiction,Adult,Crafts,Null,CR,,
2018,1,1,0,Queen Anne,QueenAnne4,Nonfiction,Adult,Cultural Studies,Null,CS,English,English
1975,1,0,1,Central District,CentralDistrict2,Fiction,Adult,Anthology/Essays/Short stories,Null,AN,English,
2012,1,0,1,Central District,CentralDistrict5,Fiction,Adult,Anthology/Essays/Short stories,Null,AN,,
1990,1,0,0,Central District,CentralDistrict2,Fiction,Adult,Anthology/Essays/Short stories,Null,AN,English,
1989,1,0,0,Central District,CentralDistrict2,Fiction,Adult,Anthology/Essays/Short stories,Null,AN,English,
2012,1,0,0,Phinney-Greenwood,Phinney-Green4,Nonfiction,Adult,Anthology/Essays/Short stories,Null,AN,English,
1946,1,0,0,Columbia City,ColumbiaCity4,Nonfiction,Adult,Art,Null,ART,,
1963,1,0,0,Montlake,Montlake4,Nonfiction,Adult,Biography/Autobiography/Memoir,Null,BIO,English,
2014,1,0,0,Phinney-Greenwood,Phinney-Green2,Nonfiction,Adult,Business/Technology,Null,BU,English,
1954,1,0,0,Northgate,Northgate5,Fiction,Adult,Classics,Novel,CL,English,English
1992,1,0,1,Northgate,Northgate4,Nonfiction,Adult,Cookery,Null,CO,English,
1961,1,0,0,Phinney-Greenwood,Phinney-Green3,Nonfiction,Adult,Cookery,Null,CO,English,English
2012,1,0,1,Montlake,Montlake2,Nonfiction,Adult,Cookery,Null,CO,,English
1998,1,0,1,Montlake,Montlake2,Nonfiction,Adult,Cookery,Null,CO,English,English
2006,1,0,1,Montlake,Montlake2,Nonfiction,Adult,Cookery,Null,CO,English,English
2006,1,0,1,Montlake,Montlake2,Nonfiction,Adult,Cookery,Null,CO,English,English
2006,1,0,1,Montlake,Montlake2,Nonfiction,Adult,Cookery,Null,CO,English,English
2010,1,0,1,Montlake,Montlake2,Nonfiction,Adult,Cookery,Null,CO,English,English
1949,1,0,1,Queen Anne,QueenAnne1,Nonfiction,Adult,Cookery,Null,CO,,
2007,1,0,1,Central District,CentralDistrict3,Nonfiction,Adult,Crafts,Null,CR,,
2015,1,0,0,Columbia City,ColumbiaCity5,Nonfiction,Adult,Cultural Studies,Null,CS,English,
1950,1,0,0,Northgate,Northgate2,Fiction,Adult,Drama,Null,DR,English,
1970,1,0,0,Columbia City,ColumbiaCity3,Fiction,Adult,Drama,Null,DR,English,
2008,1,0,0,Ravenna,Ravenna3,Fiction,Adult,Graphic/Manga,Null,Gr,,
1981,1,0,0,Columbia City,ColumbiaCity3,Nonfiction,Adult,History,Biography,H,,Latin
1975,1,0,0,Phinney-Greenwood,Phinney-Green3,Nonfiction,Adult,History,Null,H,English,
2009,1,0,0,Northgate,Northgate1,Nonfiction,Adult,Music,Null,MU,English,
1928,1,0,0,Columbia City,ColumbiaCity4,Nonfiction,Adult,Music,Null,MU,French,
2018,1,0,1,Central District,CentralDistrict6,Fiction,Adult,Mystery,Null,MYS,,
1966,1,0,0,Phinney-Greenwood,Phinney-Green4,Fiction,Adult,Mystery,Null,MYS,,
1966,1,0,0,Northgate,Northgate4,Nonfiction,Adult,Nature/Gardening,Null,,English,English
1958,1,0,0,Montlake,Montlake4,Fiction,Adult,Novel,Null,NOV,,
1961,1,0,0,Phinney-Greenwood,Phinney-Green2,Fiction,Young Adult,Novel,Null,NOV,English,
1968,1,0,0,Central District,CentralDistrict3,Fiction,Young Adult,Novel,Null,NOV,,
1984,1,0,1,Northgate,Northgate3,Fiction,Childrens,Null,Null,NU,,
2018,1,0,1,Northgate,Northgate3,Fiction,Childrens,Null,Null,NU,,
1964,1,0,1,Northgate,Northgate4,Nonfiction,Childrens,Null,Null,NU,English,
1981,1,0,0,Columbia City,ColumbiaCity3,Fiction,Childrens,Null,Null,NU,,English
1981,1,0,1,Queen Anne,QueenAnne1,Fiction,Childrens,Null,Null,NU,English,
1970,1,0,0,Northgate,Northgate3,Fiction,Childrens,Null,Null,NU,,English
1970,1,0,1,Queen Anne,QueenAnne1,Fiction,Childrens,Null,Null,NU,English,
2018,1,0,1,Phinney-Greenwood,Phinney-Green5,Fiction,Childrens,Null,Null,NU,English,
1959,1,0,0,Phinney-Greenwood,Phinney-Green4,Fiction,Childrens,Null,Null,NU,English,English
2012,1,0,0,Phinney-Greenwood,Phinney-Green2,Nonfiction,Adult,Poetry,Null,P,English,
2010,1,0,1,Central District,CentralDistrict6,Fiction,Adult,Religion,Null,R,Spanish,
1963,1,1,0,Northgate,Northgate5,Nonfiction,Adult,Religion,Self Help/Health,R,English,English
1978,1,1,0,Northgate,Northgate2,Nonfiction,Adult,Religion,Null,R,English,Chinese
1964,1,0,0,Phinney-Greenwood,Phinney-Green4,Fiction,Childrens,Religion,Null,R,English,English
1970,1,1,0,Northgate,Northgate2,Nonfiction,Adult,Religion,Null,R,,
2016,1,1,0,Northgate,Northgate3,Fiction,Adult,Romance,Null,RO,English,
2016,1,1,0,Northgate,Northgate3,Nonfiction,Adult,Science,Null,SCI,,
2007,1,0,0,Phinney-Greenwood,Phinney-Green4,Fiction,Adult,SciFi/Fantasy,Null,SCIFI,English,English
2003,1,0,1,Montlake,Montlake2,Nonfiction,Adult,Self Help/Health,Null,SH,English,English
1982,1,0,1,Montlake,Montlake2,Nonfiction,Adult,Self Help/Health,Null,SH,English,English
1983,1,0,1,Montlake,Montlake2,Nonfiction,Adult,Self Help/Health,Null,SH,English,English
1967,1,0,0,Phinney-Greenwood,Phinney-Green2,Nonfiction,Adult,Self Help/Health,Null,SH,English,
2014,1,1,0,Northgate,Northgate3,Nonfiction,Adult,Self Help/Health,Null,SH,English,
1969,1,0,0,Northgate,Northgate3,Nonfiction,Adult,Sports,Null,S,English,
1964,1,0,0,Northgate,Northgate3,Nonfiction,Adult,Sports,Null,S,,
1967,1,0,0,Northgate,Northgate3,Nonfiction,Adult,Sports,Null,S,,English
1968,1,0,0,Northgate,Northgate3,Nonfiction,Adult,Sports,Null,S,,
2018,1,0,1,Montlake,Montlake5,Nonfiction,Adult,Travel,Null,TR,English,English
2018,1,0,1,Montlake,Montlake5,Nonfiction,Adult,Travel,Null,TR,English,English
1972,1,0,0,Ravenna,Ravenna6,Nonfiction,Adult,Travel,Null,TR,English,English
1973,1,0,0,Phinney-Greenwood,Phinney-Green5,Nonfiction,Adult,Travel,Null,TR,,
