https://www.goodreads.com/list/show/96282._ReadPOC_List_of_Romance_Books_by_Authors_of_Color,,,,,
title,author,author_url,rating,voters_count,url
,,,,,
Every Last Breath (Final Hour #1),Juno Rushdan,https://www.goodreads.com/author/show/18215357.Juno_Rushdan,3.91,516,https://goodreads.com/book/show/40876589-every-last-breath
,,,,,
"Wheels of Steel: Book 1 (Wheels of Steel, #1)",Pepper Pace,https://www.goodreads.com/author/show/5409221.Pepper_Pace,4.25,681,https://goodreads.com/book/show/13570721-wheels-of-steel
,,,,,
Thanks to You,Maggie Blackbird,https://www.goodreads.com/author/show/18176196.Maggie_Blackbird,4.57,7,https://goodreads.com/book/show/48577001-thanks-to-you
,,,,,
A Merry Little Christmas,Melanie Schuster,https://www.goodreads.com/author/show/80025.Melanie_Schuster,4.59,280,https://goodreads.com/book/show/1514477.A_Merry_Little_Christmas
,,,,,
"The Infamous Miss Rodriguez (Ciudad Real, 0.5)",Lydia San Andres,https://www.goodreads.com/author/show/14227149.Lydia_San_Andres,3.86,79,https://goodreads.com/book/show/31371923-the-infamous-miss-rodriguez
,,,,,
Hot for the Holidays,Michelle  Lynn,https://www.goodreads.com/author/show/7065829.Michelle_Lynn,4.38,151,https://goodreads.com/book/show/26175859-hot-for-the-holidays
,,,,,
"Night Whispers (ShadowLands, #1)",Alisha Rai,https://www.goodreads.com/author/show/2987418.Alisha_Rai,3.98,289,https://goodreads.com/book/show/15771200-night-whispers
,,,,,
Angelborn (The Eternal Flame #1),L. Penelope,https://www.goodreads.com/author/show/9870934.L_Penelope,4.07,105,https://goodreads.com/book/show/25450786-angelborn
,,,,,
"Giving It Up (Pushing the Boundaries, #1)",Audra North,https://www.goodreads.com/author/show/7377144.Audra_North,3.72,166,https://goodreads.com/book/show/27751732-giving-it-up
,,,,,
"The Jade Temptress (The Pingkang Li Mysteries, #2)",Jeannie Lin,https://www.goodreads.com/author/show/3496825.Jeannie_Lin,4,452,https://goodreads.com/book/show/18246316-the-jade-temptress
,,,,,
The Perilous Life of Jade Yeo,Zen Cho,https://www.goodreads.com/author/show/4632661.Zen_Cho,3.82,804,https://goodreads.com/book/show/14742759-the-perilous-life-of-jade-yeo
,,,,,
Stranded!,Pepper Pace,https://www.goodreads.com/author/show/5409221.Pepper_Pace,3.95,1061,https://goodreads.com/book/show/13552093-stranded
,,,,,
Finding Love Again,Chioma Iwunze-Ibiam,https://www.goodreads.com/author/show/14958605.Chioma_Iwunze_Ibiam,3.4,10,https://goodreads.com/book/show/24436527-finding-love-again
,,,,,
"Radio Silence (Off the Grid, #1)",Alyssa Cole,https://www.goodreads.com/author/show/7790155.Alyssa_Cole,3.64,1171,https://goodreads.com/book/show/23500162-radio-silence
,,,,,
"Bear Meets Girl (Pride, #7)",Shelly Laurenston,https://www.goodreads.com/author/show/65137.Shelly_Laurenston,4.32,11699,https://goodreads.com/book/show/12180288-bear-meets-girl
,,,,,
"The Minotaur's Kiss (Gods and Concubines, #1)",Erin St. Charles,https://www.goodreads.com/author/show/18055512.Erin_St_Charles,3.94,211,https://goodreads.com/book/show/40204689-the-minotaur-s-kiss
,,,,,
"Archangel's Heart (Guild Hunter, #9)",Nalini Singh,https://www.goodreads.com/author/show/71688.Nalini_Singh,4.4,12786,https://goodreads.com/book/show/26218178-archangel-s-heart
,,,,,
"The Beast in Him (Pride, #2)",Shelly Laurenston,https://www.goodreads.com/author/show/65137.Shelly_Laurenston,4.23,13822,https://goodreads.com/book/show/2278298.The_Beast_in_Him
,,,,,
"One Real Man (Real Men, #3)",Coleen Kwan,https://www.goodreads.com/author/show/5210210.Coleen_Kwan,3.54,85,https://goodreads.com/book/show/24598945-one-real-man
,,,,,
Indigo,Beverly Jenkins,https://www.goodreads.com/author/show/199260.Beverly_Jenkins,4.42,2362,https://goodreads.com/book/show/347339.Indigo
,,,,,
"Hot and Badgered (Honey Badger Chronicles, #1)",Shelly Laurenston,https://www.goodreads.com/author/show/65137.Shelly_Laurenston,4.23,7024,https://goodreads.com/book/show/35534548-hot-and-badgered
,,,,,
Midlife Crisis,Audra North,https://www.goodreads.com/author/show/7377144.Audra_North,3.84,96,https://goodreads.com/book/show/35285702-midlife-crisis
,,,,,
"So Sweet (Sugar Baby, #1)",Rebekah Weatherspoon,https://www.goodreads.com/author/show/4567695.Rebekah_Weatherspoon,3.54,567,https://goodreads.com/book/show/26209241-so-sweet
,,,,,
The Officer's Wife (Because You Love Me #1),Adrienne D'nelle Ruvalcaba,https://www.goodreads.com/author/show/16454586.Adrienne_D_nelle_Ruvalcaba,3.97,94,https://goodreads.com/book/show/22910378-the-officer-s-wife
,,,,,
"Veiled Desire (Veiled, #1)",Alisha Rai,https://www.goodreads.com/author/show/2987418.Alisha_Rai,3.59,429,https://goodreads.com/book/show/7761866-veiled-desire
,,,,,
"Rock Addiction (Rock Kiss, #1)",Nalini Singh,https://www.goodreads.com/author/show/71688.Nalini_Singh,3.73,14075,https://goodreads.com/book/show/22839846-rock-addiction
,,,,,
Whispers of Shadow & Flame (Earthsinger Chronicles #2),L. Penelope,https://www.goodreads.com/author/show/9870934.L_Penelope,4.16,202,https://goodreads.com/book/show/43263494-whispers-of-shadow-flame
,,,,,
"Sorcerer to the Crown (Sorcerer Royal, #1)",Zen Cho,https://www.goodreads.com/author/show/4632661.Zen_Cho,3.75,10554,https://goodreads.com/book/show/23943137-sorcerer-to-the-crown
,,,,,
"American Fairytale (Dreamers, #2)",Adriana  Herrera,https://www.goodreads.com/author/show/18639202.Adriana_Herrera,4.09,520,https://goodreads.com/book/show/43198519-american-fairytale
,,,,,
Daddy's Home: An African American Romance,Linda Verji,https://www.goodreads.com/author/show/8281663.Linda_Verji,5,1,https://goodreads.com/book/show/25974512-daddy-s-home
,,,,,
Caressed by Ice (Psy-Changeling #3),Nalini Singh,https://www.goodreads.com/author/show/71688.Nalini_Singh,4.32,32460,https://goodreads.com/book/show/458034.Caressed_by_Ice
,,,,,
"Shadow Touch (Dirk & Steele,  #2)",Marjorie M. Liu,https://www.goodreads.com/author/show/35022.Marjorie_M_Liu,3.94,2504,https://goodreads.com/book/show/93481.Shadow_Touch
,,,,,
"From Twinkle, with Love",Sandhya Menon,https://www.goodreads.com/author/show/14834224.Sandhya_Menon,3.63,8851,https://goodreads.com/book/show/36373464-from-twinkle-with-love
,,,,,
"A Wild Light (Hunter Kiss, #3)",Marjorie M. Liu,https://www.goodreads.com/author/show/35022.Marjorie_M_Liu,4.09,1815,https://goodreads.com/book/show/7196830-a-wild-light
,,,,,
"The Suffragette Scandal (Brothers Sinister, #4)",Courtney Milan,https://www.goodreads.com/author/show/2906892.Courtney_Milan,4.06,6903,https://goodreads.com/book/show/17343236-the-suffragette-scandal
,,,,,
"Within the Flames (Dirk & Steele, #11)",Marjorie M. Liu,https://www.goodreads.com/author/show/35022.Marjorie_M_Liu,4.05,905,https://goodreads.com/book/show/10609400-within-the-flames
,,,,,
"The Dragon and the Pearl (Tang Dynasty, #2)",Jeannie Lin,https://www.goodreads.com/author/show/3496825.Jeannie_Lin,3.74,644,https://goodreads.com/book/show/11170698-the-dragon-and-the-pearl
,,,,,
Fools Rush In,Gwynne Forster,https://www.goodreads.com/author/show/2517.Gwynne_Forster,4.19,110,https://goodreads.com/book/show/1069365.Fools_Rush_In
,,,,,
"Forbidden (Old West, #1)",Beverly Jenkins,https://www.goodreads.com/author/show/199260.Beverly_Jenkins,3.98,2872,https://goodreads.com/book/show/25760151-forbidden
,,,,,
Love on the Ledge (On the Verge #2),Zoraida Córdova,https://www.goodreads.com/author/show/4824952.Zoraida_C_rdova,3.82,217,https://goodreads.com/book/show/25073969-love-on-the-ledge
,,,,,
Wicked Surrender (Hollis Brothers Book 3),Linda Verji,https://www.goodreads.com/author/show/8281663.Linda_Verji,4.18,88,https://goodreads.com/book/show/29927794-wicked-surrender
,,,,,
"Shield of Winter (Psy-Changeling, #13)",Nalini Singh,https://www.goodreads.com/author/show/71688.Nalini_Singh,4.37,15324,https://goodreads.com/book/show/17159944-shield-of-winter
,,,,,
"He's Not My Boyfriend (Chin-Williams, #2)",Jackie  Lau,https://www.goodreads.com/author/show/17814757.Jackie_Lau,3.9,199,https://goodreads.com/book/show/41973978-he-s-not-my-boyfriend
,,,,,
"A Dance with Danger (Lovers and Rebels, #2; Tang Dynasty, #5)",Jeannie Lin,https://www.goodreads.com/author/show/3496825.Jeannie_Lin,3.79,152,https://goodreads.com/book/show/23522249-a-dance-with-danger
,,,,,
Composing Love,Audra North,https://www.goodreads.com/author/show/7377144.Audra_North,3.26,39,https://goodreads.com/book/show/23165878-composing-love
,,,,,
"His Convenient Husband (Love and Sports, #1)",Robin Covington,https://www.goodreads.com/author/show/5812874.Robin_Covington,3.59,488,https://goodreads.com/book/show/36158863-his-convenient-husband
,,,,,
"Tangle of Need (Psy-Changeling, #11)",Nalini Singh,https://www.goodreads.com/author/show/71688.Nalini_Singh,4.11,18381,https://goodreads.com/book/show/12059093-tangle-of-need
,,,,,
Unconditional (The Guardians: Book 1),D.M. Mortier,https://www.goodreads.com/author/show/9844820.D_M_Mortier,4.02,246,https://goodreads.com/book/show/26034516-unconditional
,,,,,
Milo,Kaye Blue,https://www.goodreads.com/author/show/9707264.Kaye_Blue,3.55,103,https://goodreads.com/book/show/40320329-milo
,,,,,
Endless Love (Soul Brothers #1),D.M. Mortier,https://www.goodreads.com/author/show/9844820.D_M_Mortier,4.12,124,https://goodreads.com/book/show/23534128-endless-love
,,,,,
"The Unleashing (Call of Crows, #1)",Shelly Laurenston,https://www.goodreads.com/author/show/65137.Shelly_Laurenston,3.88,9204,https://goodreads.com/book/show/22475781-the-unleashing
,,,,,
Love Intertwined Vol.1,Pepper Pace,https://www.goodreads.com/author/show/5409221.Pepper_Pace,4.16,166,https://goodreads.com/book/show/15841657-love-intertwined-vol-1
,,,,,
"Scoring With the Wrong Twin (WAGS, #1)",Naima Simone,https://www.goodreads.com/author/show/3232449.Naima_Simone,3.81,812,https://goodreads.com/book/show/36595219-scoring-with-the-wrong-twin
,,,,,
The Arrangement (Hot Latin Men #1),Delaney Diamond,https://www.goodreads.com/author/show/4416767.Delaney_Diamond,3.95,1079,https://goodreads.com/book/show/18809379-the-arrangement
,,,,,
The Blind Date (Love Unexpected #1),Delaney Diamond,https://www.goodreads.com/author/show/4416767.Delaney_Diamond,3.77,1657,https://goodreads.com/book/show/18372555-the-blind-date
,,,,,
Love Me Deadly,Linda Verji,https://www.goodreads.com/author/show/8281663.Linda_Verji,3.92,48,https://goodreads.com/book/show/25211111-love-me-deadly
,,,,,
"To Love a Scandalous Duke (Once Upon a Scandal, #1)",Liana De la Rosa,https://www.goodreads.com/author/show/14232265.Liana_De_la_Rosa,4.11,120,https://goodreads.com/book/show/36119952-to-love-a-scandalous-duke
,,,,,
"True's Love (Estill County Mountain Man, #3)",Pepper Pace,https://www.goodreads.com/author/show/5409221.Pepper_Pace,4.03,322,https://goodreads.com/book/show/30956753-true-s-love
,,,,,
"The Duchess War (Brothers Sinister, #1)",Courtney Milan,https://www.goodreads.com/author/show/2906892.Courtney_Milan,3.82,21729,https://goodreads.com/book/show/13489919-the-duchess-war
,,,,,
Adaptation (Adaptation #1),Pepper Pace,https://www.goodreads.com/author/show/5409221.Pepper_Pace,4.27,529,https://goodreads.com/book/show/22815321-adaptation
,,,,,
"Soul Song (Dirk and Steele,  #6)",Marjorie M. Liu,https://www.goodreads.com/author/show/35022.Marjorie_M_Liu,3.91,1823,https://goodreads.com/book/show/93489.Soul_Song
,,,,,
"In Too Deep (Liliana, #2)",Neva Squires-Rodriguez,https://www.goodreads.com/author/show/8507331.Neva_Squires_Rodriguez,4.39,23,https://goodreads.com/book/show/23783832-in-too-deep
,,,,,
Playing the Rookie (Men of Spring Baseball #0.5),Rachelle Ayala,https://www.goodreads.com/author/show/5753921.Rachelle_Ayala,3.58,138,https://goodreads.com/book/show/23156077-playing-the-rookie
,,,,,
"The Last Twilight (Dirk & Steele, #7)",Marjorie M. Liu,https://www.goodreads.com/author/show/35022.Marjorie_M_Liu,4.01,1567,https://goodreads.com/book/show/1931351.The_Last_Twilight
,,,,,
The Marriage Contract (Motor City Romance Book 1),Danie Ford,https://www.goodreads.com/author/show/17132186.Danie_Ford,3.5,4,https://goodreads.com/book/show/36247782-the-marriage-contract
,,,,,
"Love Discovered in New York (The Washington Triplets, #1)",Danielle Allen,https://www.goodreads.com/author/show/6523680.Danielle_Allen,3.92,198,https://goodreads.com/book/show/22853418-love-discovered-in-new-york
,,,,,
The One In My Heart,Sherry Thomas,https://www.goodreads.com/author/show/266470.Sherry_Thomas,3.87,1087,https://goodreads.com/book/show/25012983-the-one-in-my-heart
,,,,,
"Archangel's Enigma (Guild Hunter, #8)",Nalini Singh,https://www.goodreads.com/author/show/71688.Nalini_Singh,4.43,14776,https://goodreads.com/book/show/17409842-archangel-s-enigma
,,,,,
"Breaking All the Rules (D.A.R.K., Inc. Book 1)",Aliyah Burke,https://www.goodreads.com/author/show/263660.Aliyah_Burke,3.9,58,https://goodreads.com/book/show/39866476-breaking-all-the-rules
,,,,,
The Arrangement,Sonya Lalli,https://www.goodreads.com/author/show/16831695.Sonya_Lalli,3.36,4175,https://goodreads.com/book/show/35097525-the-arrangement
,,,,,
"Rebel Hard (Hard Play, #2)",Nalini Singh,https://www.goodreads.com/author/show/71688.Nalini_Singh,4.07,3102,https://goodreads.com/book/show/41017340-rebel-hard
,,,,,
"A Princess in Theory (Reluctant Royals, #1)",Alyssa Cole,https://www.goodreads.com/author/show/7790155.Alyssa_Cole,3.8,9555,https://goodreads.com/book/show/35271238-a-princess-in-theory
,,,,,
The Elevator Kiss,Amina Thula,https://www.goodreads.com/author/show/10787840.Amina_Thula,3.7,27,https://goodreads.com/book/show/24165321-the-elevator-kiss
,,,,,
"Inked (Terra Sempre Saga, #2)",Chris  Ledbetter,https://www.goodreads.com/author/show/6926810.Chris_Ledbetter,4.62,8,https://goodreads.com/book/show/28937728-inked
,,,,,
Kindred,Octavia E. Butler,https://www.goodreads.com/author/show/29535.Octavia_E_Butler,4.25,88165,https://goodreads.com/book/show/60931.Kindred
,,,,,
Babygirl and the Mean Boss,Pepper Pace,https://www.goodreads.com/author/show/5409221.Pepper_Pace,3.86,973,https://goodreads.com/book/show/15790259-babygirl-and-the-mean-boss
,,,,,
Tailor-Made,Yolanda Wallace,https://www.goodreads.com/author/show/3284106.Yolanda_Wallace,3.67,205,https://goodreads.com/book/show/35066669-tailor-made
,,,,,
Whole Latte Love,Rachelle Ayala,https://www.goodreads.com/author/show/5753921.Rachelle_Ayala,4.15,85,https://goodreads.com/book/show/21488097-whole-latte-love
,,,,,
"Branded by Fire (Psy-Changeling, #6)",Nalini Singh,https://www.goodreads.com/author/show/71688.Nalini_Singh,4.3,26546,https://goodreads.com/book/show/5628753-branded-by-fire
,,,,,
"The Gravity of Us (Elements, #4)",Brittainy C. Cherry,https://www.goodreads.com/author/show/7121791.Brittainy_C_Cherry,4.41,20106,https://goodreads.com/book/show/32294951-the-gravity-of-us
,,,,,
"Song of Blood & Stone (Earthsinger Chronicles, #1)",L. Penelope,https://www.goodreads.com/author/show/9870934.L_Penelope,3.73,1627,https://goodreads.com/book/show/36347830-song-of-blood-stone
,,,,,
Her Perfect Affair (Matched to Perfection #2),Priscilla Oliveras,https://www.goodreads.com/author/show/16322252.Priscilla_Oliveras,3.57,190,https://goodreads.com/book/show/35638804-her-perfect-affair
,,,,,
"The Lotus Palace (The Pingkang Li Mysteries, #1)",Jeannie Lin,https://www.goodreads.com/author/show/3496825.Jeannie_Lin,3.77,1168,https://goodreads.com/book/show/17348286-the-lotus-palace
,,,,,
The Prostitute's Daughter (Because You Love Me #2),Adrienne D'nelle Ruvalcaba,https://www.goodreads.com/author/show/16454586.Adrienne_D_nelle_Ruvalcaba,4.04,52,https://goodreads.com/book/show/23014404-the-prostitute-s-daughter
,,,,,
Mine to Possess (Psy-Changeling #4),Nalini Singh,https://www.goodreads.com/author/show/71688.Nalini_Singh,4.11,25282,https://goodreads.com/book/show/1830755.Mine_to_Possess
,,,,,
"Tempest (Old West, #3)",Beverly Jenkins,https://www.goodreads.com/author/show/199260.Beverly_Jenkins,4.21,1545,https://goodreads.com/book/show/35068495-tempest
,,,,,
"Archangel's Shadows (Guild Hunter, #7)",Nalini Singh,https://www.goodreads.com/author/show/71688.Nalini_Singh,4.31,16412,https://goodreads.com/book/show/17409835-archangel-s-shadows
,,,,,
"Angels' Flight (Guild Hunter, #0.4, #0.6, #0.8, #3.5)",Nalini Singh,https://www.goodreads.com/author/show/71688.Nalini_Singh,4.33,12682,https://goodreads.com/book/show/9738582-angels-flight
,,,,,
"Empty Nests (Nested Hearts, #1)",Ada Maria Soto,https://www.goodreads.com/author/show/5321801.Ada_Maria_Soto,3.98,464,https://goodreads.com/book/show/25574200-empty-nests
,,,,,
Beast (Estill County Mountain Man #1),Pepper Pace,https://www.goodreads.com/author/show/5409221.Pepper_Pace,4.2,3681,https://goodreads.com/book/show/16050911-beast
,,,,,
"Take the Lead (Dance Off, #1)",Alexis Daria,https://www.goodreads.com/author/show/14057528.Alexis_Daria,3.87,992,https://goodreads.com/book/show/35832861-take-the-lead
,,,,,
"Wrong to Need You (Forbidden Hearts, #2)",Alisha Rai,https://www.goodreads.com/author/show/2987418.Alisha_Rai,3.95,2696,https://goodreads.com/book/show/34217566-wrong-to-need-you
,,,,,
Daddy's Home (Firebacks #1),Linda Verji,https://www.goodreads.com/author/show/8281663.Linda_Verji,4.05,60,https://goodreads.com/book/show/22367804-daddy-s-home
,,,,,
"Grumpy Fake Boyfriend (Kwan Sisters, #1)",Jackie  Lau,https://www.goodreads.com/author/show/17814757.Jackie_Lau,3.44,665,https://goodreads.com/book/show/39247954-grumpy-fake-boyfriend
,,,,,
"A Gentleman in the Street (The Campbell Siblings, #1)",Alisha Rai,https://www.goodreads.com/author/show/2987418.Alisha_Rai,3.88,1192,https://goodreads.com/book/show/23569243-a-gentleman-in-the-street
,,,,,
Rebellion Book II: Book of Soung,Grea Alexander,https://www.goodreads.com/author/show/6604619.Grea_Alexander,4.27,15,https://goodreads.com/book/show/43797196-rebellion-book-ii
,,,,,
"The Trouble with Playing Cupid (Cupid, #1)",Tamara Philip,https://www.goodreads.com/author/show/8415755.Tamara_Philip,3.97,64,https://goodreads.com/book/show/22817757-the-trouble-with-playing-cupid
,,,,,
Lovers' Dance: Volume 2,K. Carr,https://www.goodreads.com/author/show/13954388.K_Carr,4.5,56,https://goodreads.com/book/show/31846803-lovers-dance
,,,,,
"Parable of the Sower (Earthseed, #1)",Octavia E. Butler,https://www.goodreads.com/author/show/29535.Octavia_E_Butler,4.17,55238,https://goodreads.com/book/show/52397.Parable_of_the_Sower
,,,,,
"Serpentine (Serpentine, #1)",Cindy Pon,https://www.goodreads.com/author/show/2471183.Cindy_Pon,3.55,1091,https://goodreads.com/book/show/22095547-serpentine
,,,,,
"Play With Me (Bedroom Games, #1)",Alisha Rai,https://www.goodreads.com/author/show/2987418.Alisha_Rai,3.64,887,https://goodreads.com/book/show/17673159-play-with-me
,,,,,
"Everything is Everything (Everything, #1)",Pepper Pace,https://www.goodreads.com/author/show/5409221.Pepper_Pace,4.23,213,https://goodreads.com/book/show/23256834-everything-is-everything
,,,,,
Short Soup,Coleen Kwan,https://www.goodreads.com/author/show/5210210.Coleen_Kwan,3.85,39,https://goodreads.com/book/show/16330647-short-soup
,,,,,
The Bridal Candidate 2,Linda Verji,https://www.goodreads.com/author/show/8281663.Linda_Verji,4.37,30,https://goodreads.com/book/show/31455771-the-bridal-candidate-2
,,,,,
"Never Over You Series Boxed Set (Never Over You, #1-3)",Ryleigh Andrews,https://www.goodreads.com/author/show/9471968.Ryleigh_Andrews,4.33,159,https://goodreads.com/book/show/27258504-never-over-you-series-boxed-set
,,,,,
"Cherish Hard (Hard Play, #1)",Nalini Singh,https://www.goodreads.com/author/show/71688.Nalini_Singh,3.88,4112,https://goodreads.com/book/show/36390029-cherish-hard
,,,,,
The One,Danielle Allen,https://www.goodreads.com/author/show/6523680.Danielle_Allen,4.14,642,https://goodreads.com/book/show/29325610-the-one
,,,,,
"What You Wanted (Chic Manila, #7)",Mina V. Esguerra,https://www.goodreads.com/author/show/3014313.Mina_V_Esguerra,3.99,93,https://goodreads.com/book/show/27614503-what-you-wanted
,,,,,
"Parable of the Talents (Earthseed, #2)",Octavia E. Butler,https://www.goodreads.com/author/show/29535.Octavia_E_Butler,4.26,21221,https://goodreads.com/book/show/60932.Parable_of_the_Talents
,,,,,
Unexpectedly Yours,Coleen Kwan,https://www.goodreads.com/author/show/5210210.Coleen_Kwan,3.63,188,https://goodreads.com/book/show/28696561-unexpectedly-yours
,,,,,
Dressed for Success,Maggie Blackbird,https://www.goodreads.com/author/show/18176196.Maggie_Blackbird,4.62,8,https://goodreads.com/book/show/51157331-dressed-for-success
,,,,,
Wicked Intentions (Hollis Brothers Book 1),Linda Verji,https://www.goodreads.com/author/show/8281663.Linda_Verji,4.02,227,https://goodreads.com/book/show/23480312-wicked-intentions
,,,,,
Mine Forever: A Young Adult Romance,Skylar Nightingale,https://www.goodreads.com/author/show/8600436.Skylar_Nightingale,4.46,46,https://goodreads.com/book/show/48913916-mine-forever
,,,,,
"The Preacher's Promise (Home to Milford College, #1)",Piper Huguley,https://www.goodreads.com/author/show/8157342.Piper_Huguley,4.23,249,https://goodreads.com/book/show/22859849-the-preacher-s-promise
,,,,,
"Trade Me (Cyclone, #1)",Courtney Milan,https://www.goodreads.com/author/show/2906892.Courtney_Milan,3.76,4733,https://goodreads.com/book/show/23566506-trade-me
,,,,,
Visions of Heat (Psy-Changeling #2),Nalini Singh,https://www.goodreads.com/author/show/71688.Nalini_Singh,4.12,31491,https://goodreads.com/book/show/215643.Visions_of_Heat
,,,,,
Work Song,Danielle Allen,https://www.goodreads.com/author/show/6523680.Danielle_Allen,4.41,490,https://goodreads.com/book/show/26228446-work-song
,,,,,
Second Chance,Audra North,https://www.goodreads.com/author/show/7377144.Audra_North,3.58,401,https://goodreads.com/book/show/22999492-second-chance
,,,,,
"The Mortal Bone (Hunter Kiss, #4)",Marjorie M. Liu,https://www.goodreads.com/author/show/35022.Marjorie_M_Liu,4.13,1085,https://goodreads.com/book/show/11018851-the-mortal-bone
,,,,,
"The Proposal (The Wedding Date, #2)",Jasmine Guillory,https://www.goodreads.com/author/show/16287225.Jasmine_Guillory,3.44,54274,https://goodreads.com/book/show/37584991-the-proposal
,,,,,
"Accidentally Compromising the Duke (Wedded by Scandal, #1)",Stacy Reid,https://www.goodreads.com/author/show/8076768.Stacy_Reid,4.06,2918,https://goodreads.com/book/show/28644556-accidentally-compromising-the-duke
,,,,,
Play of Passion (Psy-Changeling #9),Nalini Singh,https://www.goodreads.com/author/show/71688.Nalini_Singh,4.27,23929,https://goodreads.com/book/show/7831145-play-of-passion
,,,,,
"No Turning Back (Liliana, #3)",Neva Squires-Rodriguez,https://www.goodreads.com/author/show/8507331.Neva_Squires_Rodriguez,4.3,27,https://goodreads.com/book/show/25506341-no-turning-back
,,,,,
Miscegenist Sabishii,Pepper Pace,https://www.goodreads.com/author/show/5409221.Pepper_Pace,4.08,723,https://goodreads.com/book/show/16128587-miscegenist-sabishii
,,,,,
The Come Up,Nia Forrester,https://www.goodreads.com/author/show/6447432.Nia_Forrester,4.67,469,https://goodreads.com/book/show/25145434-the-come-up
,,,,,
The Seeing Place,Aziza Eden Walker,https://www.goodreads.com/author/show/14958128.Aziza_Eden_Walker,4.09,22,https://goodreads.com/book/show/28959988-the-seeing-place
,,,,,
Breaking His Rules,Aliza Mann,https://www.goodreads.com/author/show/6552478.Aliza_Mann,3.71,114,https://goodreads.com/book/show/40945652-breaking-his-rules
,,,,,
"The Silent Waters (Elements, #3)",Brittainy C. Cherry,https://www.goodreads.com/author/show/7121791.Brittainy_C_Cherry,4.38,18562,https://goodreads.com/book/show/29963453-the-silent-waters
,,,,,
"Shatter Me (Shatter Me, #1)",Tahereh Mafi,https://www.goodreads.com/author/show/4637539.Tahereh_Mafi,3.96,275814,https://goodreads.com/book/show/10429045-shatter-me
,,,,,
Tikka Chance on Me,Suleikha Snyder,https://www.goodreads.com/author/show/4667140.Suleikha_Snyder,3.95,1280,https://goodreads.com/book/show/42426261-tikka-chance-on-me
,,,,,
Living Out Loud (Free Fall #4),Christina  Lee,https://www.goodreads.com/author/show/7060187.Christina_Lee,4.04,1014,https://goodreads.com/book/show/36196860-living-out-loud
,,,,,
"When Dimple Met Rishi (Dimple and Rishi, #1)",Sandhya Menon,https://www.goodreads.com/author/show/14834224.Sandhya_Menon,3.71,40562,https://goodreads.com/book/show/28458598-when-dimple-met-rishi
,,,,,
Love Bi the Way,Bhaavna Arora,https://www.goodreads.com/author/show/8302876.Bhaavna_Arora,3.4,127,https://goodreads.com/book/show/31927550-love-bi-the-way
,,,,,
"The Wedding Date (The Wedding Date, #1)",Jasmine Guillory,https://www.goodreads.com/author/show/16287225.Jasmine_Guillory,3.56,62745,https://goodreads.com/book/show/33815781-the-wedding-date
,,,,,
"Shards of Hope (Psy-Changeling, #14)",Nalini Singh,https://www.goodreads.com/author/show/71688.Nalini_Singh,4.35,12668,https://goodreads.com/book/show/17159943-shards-of-hope
,,,,,
Kissing the Canvas,Billy London,https://www.goodreads.com/author/show/4933112.Billy_London,4.06,167,https://goodreads.com/book/show/21880581-kissing-the-canvas
,,,,,
Closer Than Close,Bettye Griffin,https://www.goodreads.com/author/show/192258.Bettye_Griffin,3.67,6,https://goodreads.com/book/show/6389883-closer-than-close
,,,,,
Not Broken (Firebacks) (Volume 2),Linda Verji,https://www.goodreads.com/author/show/8281663.Linda_Verji,4,2,https://goodreads.com/book/show/25974515-not-broken-firebacks
,,,,,
Bitten By Deceit,Shawntelle Madison,https://www.goodreads.com/author/show/5116661.Shawntelle_Madison,3.33,185,https://goodreads.com/book/show/17458484-bitten-by-deceit
,,,,,
Fit (Fit Trilogy #1),Rebekah Weatherspoon,https://www.goodreads.com/author/show/4567695.Rebekah_Weatherspoon,3.47,933,https://goodreads.com/book/show/21801485-fit
,,,,,
"Heroine Complex (Heroine Complex, #1)",Sarah Kuhn,https://www.goodreads.com/author/show/612167.Sarah_Kuhn,3.64,3085,https://goodreads.com/book/show/27209443-heroine-complex
,,,,,
The Holiday Secret,Neva Squires-Rodriguez,https://www.goodreads.com/author/show/8507331.Neva_Squires_Rodriguez,4.67,6,https://goodreads.com/book/show/27873564-the-holiday-secret
,,,,,
How To Love A Crook (Crooked In Love Book 2),Linda Verji,https://www.goodreads.com/author/show/8281663.Linda_Verji,4.33,87,https://goodreads.com/book/show/37278621-how-to-love-a-crook
,,,,,
Lush Money (Filthy Rich #1),Angelina M. Lopez,https://www.goodreads.com/author/show/19213274.Angelina_M_Lopez,3.86,226,https://goodreads.com/book/show/46038661-lush-money
,,,,,
Love Next Door,Amina Thula,https://www.goodreads.com/author/show/10787840.Amina_Thula,3.64,14,https://goodreads.com/book/show/28959690-love-next-door
,,,,,
"The Games We Play (Sizzle & Burn, #2)",Linda Verji,https://www.goodreads.com/author/show/8281663.Linda_Verji,4,109,https://goodreads.com/book/show/34819640-the-games-we-play
,,,,,
"The Lawyer's Luck (Home to Milford College, #0.5)",Piper Huguley,https://www.goodreads.com/author/show/8157342.Piper_Huguley,4.19,291,https://goodreads.com/book/show/22602009-the-lawyer-s-luck
,,,,,
"Mating Needs (A.L.F.A., #2)",Milly Taiden,https://www.goodreads.com/author/show/6521898.Milly_Taiden,4.11,303,https://goodreads.com/book/show/34888538-mating-needs
,,,,,
"Unravel Me (Shatter Me, #2)",Tahereh Mafi,https://www.goodreads.com/author/show/4637539.Tahereh_Mafi,4.24,161894,https://goodreads.com/book/show/13104080-unravel-me
,,,,,
"The Countess Conspiracy (Brothers Sinister, #3)",Courtney Milan,https://www.goodreads.com/author/show/2906892.Courtney_Milan,3.93,9202,https://goodreads.com/book/show/13489925-the-countess-conspiracy
,,,,,
"Darkness Calls (Hunter Kiss, #2)",Marjorie M. Liu,https://www.goodreads.com/author/show/35022.Marjorie_M_Liu,3.93,2814,https://goodreads.com/book/show/5531637-darkness-calls
,,,,,
"An Extraordinary Union (The Loyal League, #1)",Alyssa Cole,https://www.goodreads.com/author/show/7790155.Alyssa_Cole,3.87,4833,https://goodreads.com/book/show/30237404-an-extraordinary-union
,,,,,
"Never Over You (Never Over You, #3)",Ryleigh Andrews,https://www.goodreads.com/author/show/9471968.Ryleigh_Andrews,4.24,221,https://goodreads.com/book/show/25670570-never-over-you
,,,,,
"His Pretend Baby: 50 Loving States, Oregon",Theodora Taylor,https://www.goodreads.com/author/show/5368773.Theodora_Taylor,4.16,1182,https://goodreads.com/book/show/28689287-his-pretend-baby
,,,,,
"Hurts to Love You (Forbidden Hearts, #3)",Alisha Rai,https://www.goodreads.com/author/show/2987418.Alisha_Rai,3.89,2176,https://goodreads.com/book/show/35068637-hurts-to-love-you
,,,,,
"Angels' Blood (Guild Hunter, #1)",Nalini Singh,https://www.goodreads.com/author/show/71688.Nalini_Singh,4.1,73080,https://goodreads.com/book/show/3819326-angels-blood
,,,,,
Harmony,Sienna Mynx,https://www.goodreads.com/author/show/4401574.Sienna_Mynx,4.07,560,https://goodreads.com/book/show/18849672-harmony
,,,,,
"The Kiss Quotient (The Kiss Quotient, #1)",Helen Hoang,https://www.goodreads.com/author/show/17147855.Helen_Hoang,3.89,119732,https://goodreads.com/book/show/36199084-the-kiss-quotient
,,,,,
Marriage Bed Secrets,Nalini Singh,https://www.goodreads.com/author/show/71688.Nalini_Singh,3.57,848,https://goodreads.com/book/show/26512889-marriage-bed-secrets
,,,,,
"The Love Contract (Sizzle & Burn, #3)",Linda Verji,https://www.goodreads.com/author/show/8281663.Linda_Verji,3.98,49,https://goodreads.com/book/show/34879331-the-love-contract
,,,,,
"Outlander (Outlander, #1)",Diana Gabaldon,https://www.goodreads.com/author/show/3617.Diana_Gabaldon,4.23,792822,https://goodreads.com/book/show/10964.Outlander
,,,,,
"Archangel's Blade (Guild Hunter, #4)",Nalini Singh,https://www.goodreads.com/author/show/71688.Nalini_Singh,4.26,28775,https://goodreads.com/book/show/8074967-archangel-s-blade
,,,,,
"The Fire King (Dirk & Steele, #9)",Marjorie M. Liu,https://www.goodreads.com/author/show/35022.Marjorie_M_Liu,3.99,1365,https://goodreads.com/book/show/6344424-the-fire-king
,,,,,
Daughters of a Nation: A Black Suffragette Historical Romance Anthology,Kianna Alexander,https://www.goodreads.com/author/show/3029237.Kianna_Alexander,3.83,116,https://goodreads.com/book/show/32809732-daughters-of-a-nation
,,,,,
"Bonds of Justice (Psy-Changeling, #8)",Nalini Singh,https://www.goodreads.com/author/show/71688.Nalini_Singh,4.06,18754,https://goodreads.com/book/show/7044445-bonds-of-justice
,,,,,
"Come Home Again (The Donovans, #1)",Nana Malone,https://www.goodreads.com/author/show/4341612.Nana_Malone,3.78,1534,https://goodreads.com/book/show/22035427-come-home-again
,,,,,
"The Bride Test (The Kiss Quotient, #2)",Helen Hoang,https://www.goodreads.com/author/show/17147855.Helen_Hoang,3.91,53789,https://goodreads.com/book/show/39338454-the-bride-test
,,,,,
"How To Tempt A Crook (Crooked in Love, #1)",Linda Verji,https://www.goodreads.com/author/show/8281663.Linda_Verji,4.14,209,https://goodreads.com/book/show/36387385-how-to-tempt-a-crook
,,,,,
"The Mane Event (Pride, #1)",Shelly Laurenston,https://www.goodreads.com/author/show/65137.Shelly_Laurenston,3.96,22079,https://goodreads.com/book/show/341027.The_Mane_Event
,,,,,
Someone to Love,Pepper Pace,https://www.goodreads.com/author/show/5409221.Pepper_Pace,4.01,230,https://goodreads.com/book/show/15790265-someone-to-love
,,,,,
"Tiger Eye (Dirk & Steele,  #1)",Marjorie M. Liu,https://www.goodreads.com/author/show/35022.Marjorie_M_Liu,3.8,4836,https://goodreads.com/book/show/93479.Tiger_Eye
,,,,,
"The Right Man for the Job (The Campbell Siblings, #2)",Alisha Rai,https://www.goodreads.com/author/show/2987418.Alisha_Rai,0,0,https://goodreads.com/book/show/27426918-the-right-man-for-the-job
,,,,,
"Acting on Impulse (Love on Cue, #1)",Mia Sosa,https://www.goodreads.com/author/show/14552097.Mia_Sosa,3.67,672,https://goodreads.com/book/show/33783458-acting-on-impulse
,,,,,
Their Perfect Melody (Matched to Perfection #3),Priscilla Oliveras,https://www.goodreads.com/author/show/16322252.Priscilla_Oliveras,3.74,112,https://goodreads.com/book/show/39208294-their-perfect-melody
,,,,,
"Wolf with Benefits (Pride, #8)",Shelly Laurenston,https://www.goodreads.com/author/show/65137.Shelly_Laurenston,4.3,9266,https://goodreads.com/book/show/15745446-wolf-with-benefits
,,,,,
Sated (Fit Trilogy #3),Rebekah Weatherspoon,https://www.goodreads.com/author/show/4567695.Rebekah_Weatherspoon,3.75,490,https://goodreads.com/book/show/25437986-sated
,,,,,
The Price of Success,Maya Blake,https://www.goodreads.com/author/show/2967318.Maya_Blake,3.99,215,https://goodreads.com/book/show/16123455-the-price-of-success
,,,,,
Loving Mr. Daniels,Brittainy C. Cherry,https://www.goodreads.com/author/show/7121791.Brittainy_C_Cherry,4.25,28823,https://goodreads.com/book/show/20348781-loving-mr-daniels
,,,,,
"Rock Wedding (Rock Kiss, #4)",Nalini Singh,https://www.goodreads.com/author/show/71688.Nalini_Singh,4.03,4572,https://goodreads.com/book/show/28937797-rock-wedding
,,,,,
"Dirty Deeds (Cole McGinnis, #4)",Rhys Ford,https://www.goodreads.com/author/show/4968409.Rhys_Ford,4.4,1763,https://goodreads.com/book/show/20345930-dirty-deeds
,,,,,
"The Bollywood Bride (Bollywood, #2)",Sonali Dev,https://www.goodreads.com/author/show/7025918.Sonali_Dev,3.55,2559,https://goodreads.com/book/show/18938929-the-bollywood-bride
,,,,,
On The Edge of Love (Mama's Brood #1),Shay Rucker,https://www.goodreads.com/author/show/13026338.Shay_Rucker,4.41,904,https://goodreads.com/book/show/38464795-on-the-edge-of-love
,,,,,
"Archangel's Legion (Guild Hunter, #6)",Nalini Singh,https://www.goodreads.com/author/show/71688.Nalini_Singh,4.44,20674,https://goodreads.com/book/show/15808767-archangel-s-legion
,,,,,
"The Wild Road (Dirk & Steele, #8)",Marjorie M. Liu,https://www.goodreads.com/author/show/35022.Marjorie_M_Liu,3.98,1531,https://goodreads.com/book/show/2712887-the-wild-road
,,,,,
"Aristotle and Dante Discover the Secrets of the Universe (Aristotle and Dante Discover the Secrets of the Universe, #1)",Benjamin Alire Sáenz,https://www.goodreads.com/author/show/4841310.Benjamin_Alire_S_enz,4.34,236750,https://goodreads.com/book/show/12000020-aristotle-and-dante-discover-the-secrets-of-the-universe
,,,,,
New Blood (Heart of Lies #2),Alma Muerte,https://www.goodreads.com/author/show/17065081.Alma_Muerte,4.5,10,https://goodreads.com/book/show/36636593-new-blood
,,,,,
Delicious Temptation (Delicious Desires #1),Sabrina Sol,https://www.goodreads.com/author/show/6591301.Sabrina_Sol,3.58,290,https://goodreads.com/book/show/25496297-delicious-temptation
,,,,,
"Veiled Seduction (Veiled, #2)",Alisha Rai,https://www.goodreads.com/author/show/2987418.Alisha_Rai,3.62,275,https://goodreads.com/book/show/8438786-veiled-seduction
,,,,,
Wicked Temptation (Hollis Brothers Book 2),Linda Verji,https://www.goodreads.com/author/show/8281663.Linda_Verji,4.06,93,https://goodreads.com/book/show/28107675-wicked-temptation
,,,,,
"Wheels of Steel: Book 2 (Wheels of Steel, #2)",Pepper Pace,https://www.goodreads.com/author/show/5409221.Pepper_Pace,4.29,513,https://goodreads.com/book/show/13570725-wheels-of-steel
,,,,,
"Archangel's War (Guild Hunter, #12)",Nalini Singh,https://www.goodreads.com/author/show/71688.Nalini_Singh,4.5,7601,https://goodreads.com/book/show/42599859-archangel-s-war
,,,,,
"The Rose & the Dagger (The Wrath and the Dawn, #2)",Renée Ahdieh,https://www.goodreads.com/author/show/4600197.Ren_e_Ahdieh,4.12,54102,https://goodreads.com/book/show/23308084-the-rose-the-dagger
,,,,,
"Fur Fox's Sake (Shifters Undercover, #2)",Milly Taiden,https://www.goodreads.com/author/show/6521898.Milly_Taiden,3.95,728,https://goodreads.com/book/show/33027489-fur-fox-s-sake
,,,,,
"The Space Between (Space, #1)",Victoria H. Smith,https://www.goodreads.com/author/show/6440255.Victoria_H_Smith,3.72,1164,https://goodreads.com/book/show/16281159-the-space-between
,,,,,
Paint the Stars (Free Fall #3),Christina  Lee,https://www.goodreads.com/author/show/7060187.Christina_Lee,4.21,842,https://goodreads.com/book/show/34401863-paint-the-stars
,,,,,
"Gunpowder Alchemy (The Gunpowder Chronicles, #1)",Jeannie Lin,https://www.goodreads.com/author/show/3496825.Jeannie_Lin,3.63,501,https://goodreads.com/book/show/22837890-gunpowder-alchemy
,,,,,
"Kiss of Snow (Psy-Changeling, #10)",Nalini Singh,https://www.goodreads.com/author/show/71688.Nalini_Singh,4.46,26934,https://goodreads.com/book/show/8712343-kiss-of-snow
,,,,,
"Trashed (Eastside Brewery, #2)",Mia Hopkins,https://www.goodreads.com/author/show/7700620.Mia_Hopkins,4.11,301,https://goodreads.com/book/show/36607472-trashed
,,,,,
"Lord of the Abyss (Royal House of Shadows, #4)",Nalini Singh,https://www.goodreads.com/author/show/71688.Nalini_Singh,4.11,7543,https://goodreads.com/book/show/10802904-lord-of-the-abyss
,,,,,
"Big Bad Beast (Pride, #6)",Shelly Laurenston,https://www.goodreads.com/author/show/65137.Shelly_Laurenston,4.37,11749,https://goodreads.com/book/show/8538297-big-bad-beast
,,,,,
"Dance with Me (Dance Off, #2)",Alexis Daria,https://www.goodreads.com/author/show/14057528.Alexis_Daria,3.87,367,https://goodreads.com/book/show/35832887-dance-with-me
,,,,,
"The Heiress Effect (Brothers Sinister, #2)",Courtney Milan,https://www.goodreads.com/author/show/2906892.Courtney_Milan,3.92,11459,https://goodreads.com/book/show/13489922-the-heiress-effect
,,,,,
Mostly Sunny (Sunny and Warm #1),Jamie  Pope,https://www.goodreads.com/author/show/80143.Jamie_Pope,3.92,87,https://goodreads.com/book/show/37793078-mostly-sunny
,,,,,
"The Turning (Urban Vampire, #1)",Pepper Pace,https://www.goodreads.com/author/show/5409221.Pepper_Pace,4.09,263,https://goodreads.com/book/show/13302743-the-turning
,,,,,
"The Iron Hunt (Hunter Kiss, #1)",Marjorie M. Liu,https://www.goodreads.com/author/show/35022.Marjorie_M_Liu,3.61,5657,https://goodreads.com/book/show/2281814.The_Iron_Hunt
,,,,,
Sealed with a Kiss,Gwynne Forster,https://www.goodreads.com/author/show/2517.Gwynne_Forster,4.07,68,https://goodreads.com/book/show/3377271-sealed-with-a-kiss
,,,,,
The Rearranged Life,Annika Sharma,https://www.goodreads.com/author/show/12111845.Annika_Sharma,3.91,167,https://goodreads.com/book/show/24356955-the-rearranged-life
,,,,,
Between You and Me,Lynn  Turner,https://www.goodreads.com/author/show/16954088.Lynn_Turner,4.1,98,https://goodreads.com/book/show/35961535-between-you-and-me
,,,,,
"A Bollywood Affair (Bollywood, #1)",Sonali Dev,https://www.goodreads.com/author/show/7025918.Sonali_Dev,3.71,5630,https://goodreads.com/book/show/17707787-a-bollywood-affair
,,,,,
Hot as Hades,Alisha Rai,https://www.goodreads.com/author/show/2987418.Alisha_Rai,3.64,823,https://goodreads.com/book/show/12386784-hot-as-hades
,,,,,
His Secret Desire,Linda Verji,https://www.goodreads.com/author/show/8281663.Linda_Verji,4.41,46,https://goodreads.com/book/show/25976182-his-secret-desire
,,,,,
Huntress,Malinda Lo,https://www.goodreads.com/author/show/2884780.Malinda_Lo,3.79,10686,https://goodreads.com/book/show/9415946-huntress
,,,,,
"Silver Phoenix (Kingdom of Xia, #1)",Cindy Pon,https://www.goodreads.com/author/show/2471183.Cindy_Pon,3.56,3352,https://goodreads.com/book/show/5577995-silver-phoenix
,,,,,
"Sanctuary  (Beards and Bondage, #2)",Rebekah Weatherspoon,https://www.goodreads.com/author/show/4567695.Rebekah_Weatherspoon,3.85,422,https://goodreads.com/book/show/35209847-sanctuary
,,,,,
"Ocean Light (Psy-Changeling Trinity, #2; Psy-Changeling, #17)",Nalini Singh,https://www.goodreads.com/author/show/71688.Nalini_Singh,4.2,7551,https://goodreads.com/book/show/36147502-ocean-light
,,,,,
A Tailor-Made Romance,Sadie Finney,https://www.goodreads.com/author/show/7009549.Sadie_Finney,3.83,12,https://goodreads.com/book/show/28960265-a-tailor-made-romance
,,,,,
Disasterology 101,Taylor V. Donovan,https://www.goodreads.com/author/show/4959678.Taylor_V_Donovan,4,1834,https://goodreads.com/book/show/16082174-disasterology-101
,,,,,
"Archangel's Storm (Guild Hunter, #5)",Nalini Singh,https://www.goodreads.com/author/show/71688.Nalini_Singh,4.29,22020,https://goodreads.com/book/show/15848751-archangel-s-storm
,,,,,
"London Bound (Chase Brothers, #1)",Nana Malone,https://www.goodreads.com/author/show/4341612.Nana_Malone,3.92,764,https://goodreads.com/book/show/21431580-london-bound
,,,,,
Rebellion Book III: Book of Choi,Grea Alexander,https://www.goodreads.com/author/show/6604619.Grea_Alexander,4.62,8,https://goodreads.com/book/show/43797213-rebellion-book-iii
,,,,,
Back to Life (Back to Life #1),Danielle Allen,https://www.goodreads.com/author/show/6523680.Danielle_Allen,4.28,164,https://goodreads.com/book/show/18247098-back-to-life
,,,,,
Twin Souls (The Guardians: Book 2),D.M. Mortier,https://www.goodreads.com/author/show/9844820.D_M_Mortier,4.39,142,https://goodreads.com/book/show/28803656-twin-souls
,,,,,
"Taming Romeo (Sánchez Sisters, #1)",Rachelle Ayala,https://www.goodreads.com/author/show/5753921.Rachelle_Ayala,3.86,135,https://goodreads.com/book/show/20791439-taming-romeo
,,,,,
If You Walked In My Shoes,Gwynne Forster,https://www.goodreads.com/author/show/2517.Gwynne_Forster,3.82,115,https://goodreads.com/book/show/2334465.If_You_Walked_In_My_Shoes
,,,,,
"Archangel's Prophecy (Guild Hunter, #11)",Nalini Singh,https://www.goodreads.com/author/show/71688.Nalini_Singh,4.27,8710,https://goodreads.com/book/show/38350780-archangel-s-prophecy
,,,,,
Never Just Friends,Mina V. Esguerra,https://www.goodreads.com/author/show/3014313.Mina_V_Esguerra,3.51,81,https://goodreads.com/book/show/23460097-never-just-friends
,,,,,
"Bounce (Loving on the Edge, #1)",K.M. Jackson,https://www.goodreads.com/author/show/6451965.K_M_Jackson,3.77,365,https://goodreads.com/book/show/21920697-bounce
,,,,,
"The Wrath and the Dawn (The Wrath and the Dawn, #1)",Renée Ahdieh,https://www.goodreads.com/author/show/4600197.Ren_e_Ahdieh,4.14,104364,https://goodreads.com/book/show/18798983-the-wrath-and-the-dawn
,,,,,
"Losing You (Stars On Fire, #4)",Ryleigh Andrews,https://www.goodreads.com/author/show/9471968.Ryleigh_Andrews,4.6,77,https://goodreads.com/book/show/29101896-losing-you
,,,,,
"Talk Sweetly to Me (Brothers Sinister, #4.5)",Courtney Milan,https://www.goodreads.com/author/show/2906892.Courtney_Milan,3.67,4069,https://goodreads.com/book/show/23000024-talk-sweetly-to-me
,,,,,
"Temptation Rising (The Shadow Shifters, #1)",A.C. Arthur,https://www.goodreads.com/author/show/100764.A_C_Arthur,3.8,754,https://goodreads.com/book/show/12160940-temptation-rising
,,,,,
Rebellion Book I: Book of Quay,Grea Alexander,https://www.goodreads.com/author/show/6604619.Grea_Alexander,4.36,22,https://goodreads.com/book/show/43796921-rebellion-book-i
,,,,,
How to Say Goodbye,Amber Lin,https://www.goodreads.com/author/show/5827158.Amber_Lin,3.6,761,https://goodreads.com/book/show/20657293-how-to-say-goodbye
,,,,,
Man-to-Man Coverage,Nico Jaye,https://www.goodreads.com/author/show/5840673.Nico_Jaye,3.7,464,https://goodreads.com/book/show/13699797-man-to-man-coverage
,,,,,
"P.S. I Still Love You (To All the Boys I've Loved Before, #2)",Jenny Han,https://www.goodreads.com/author/show/151371.Jenny_Han,4.12,210579,https://goodreads.com/book/show/20698530-p-s-i-still-love-you
,,,,,
At Her Feet,Rebekah Weatherspoon,https://www.goodreads.com/author/show/4567695.Rebekah_Weatherspoon,3.74,583,https://goodreads.com/book/show/17290869-at-her-feet
,,,,,
Delicious Complication,Sabrina Sol,https://www.goodreads.com/author/show/6591301.Sabrina_Sol,3.86,178,https://goodreads.com/book/show/26135223-delicious-complication
,,,,,
If The Dress Fits,Carla de Guzman,https://www.goodreads.com/author/show/10635468.Carla_de_Guzman,3.41,376,https://goodreads.com/book/show/32616031-if-the-dress-fits
,,,,,
"Hold Me (Cyclone, #2)",Courtney Milan,https://www.goodreads.com/author/show/2906892.Courtney_Milan,4.02,1784,https://goodreads.com/book/show/24348034-hold-me
,,,,,
Take Me As I Am,Danie Ford,https://www.goodreads.com/author/show/17132186.Danie_Ford,2.45,20,https://goodreads.com/book/show/36152400-take-me-as-i-am
,,,,,
"The Bittersweet Bride (Advertisements for Love, #1)",Vanessa Riley,https://www.goodreads.com/author/show/6949811.Vanessa_Riley,3.48,222,https://goodreads.com/book/show/36679612-the-bittersweet-bride
,,,,,
"Signal Boost (Off the Grid, #2)",Alyssa Cole,https://www.goodreads.com/author/show/7790155.Alyssa_Cole,3.72,436,https://goodreads.com/book/show/24845577-signal-boost
,,,,,
"The Mark of Noba (The Sterling Wayfairer, #1)",G.L. Tomas,https://www.goodreads.com/author/show/14181072.G_L_Tomas,3.81,176,https://goodreads.com/book/show/26090003-the-mark-of-noba
,,,,,
Blood Ties (Heart of Lies #1),Alma Muerte,https://www.goodreads.com/author/show/17065081.Alma_Muerte,4.73,11,https://goodreads.com/book/show/36635831-blood-ties
,,,,,
"The Trouble with Romance (Cupid, #2)",Tamara Philip,https://www.goodreads.com/author/show/8415755.Tamara_Philip,4.54,26,https://goodreads.com/book/show/24889889-the-trouble-with-romance
,,,,,
Happiness In Jersey,Jacinta Howard,https://www.goodreads.com/author/show/8194581.Jacinta_Howard,4.44,595,https://goodreads.com/book/show/22555255-happiness-in-jersey
,,,,,
"Seduction's Shift (The Shadow Shifters, #2)",A.C. Arthur,https://www.goodreads.com/author/show/100764.A_C_Arthur,4.23,324,https://goodreads.com/book/show/13402608-seduction-s-shift
,,,,,
Let It Shine,Alyssa Cole,https://www.goodreads.com/author/show/7790155.Alyssa_Cole,4.13,792,https://goodreads.com/book/show/29522514-let-it-shine
,,,,,
Angel Over My Shoulder,Pepper Pace,https://www.goodreads.com/author/show/5409221.Pepper_Pace,3.81,196,https://goodreads.com/book/show/13644229-angel-over-my-shoulder
,,,,,
"Stay My Fantasy (The Fantasy Series, #2)",Alisha Rai,https://www.goodreads.com/author/show/2987418.Alisha_Rai,3.96,161,https://goodreads.com/book/show/30624477-stay-my-fantasy
,,,,,
The Second Chance,Adrienne D'nelle Ruvalcaba,https://www.goodreads.com/author/show/16454586.Adrienne_D_nelle_Ruvalcaba,3.95,22,https://goodreads.com/book/show/21776478-the-second-chance
,,,,,
"Down and Dirty (Cole McGinnis, #5)",Rhys Ford,https://www.goodreads.com/author/show/4968409.Rhys_Ford,4.2,1449,https://goodreads.com/book/show/22906910-down-and-dirty
,,,,,
"Archangel's Viper (Guild Hunter, #10)",Nalini Singh,https://www.goodreads.com/author/show/71688.Nalini_Singh,4.26,10532,https://goodreads.com/book/show/33852961-archangel-s-viper
,,,,,
"The Millionaire Makeover (Bachelor Auction, #2)",Naima Simone,https://www.goodreads.com/author/show/3232449.Naima_Simone,3.93,930,https://goodreads.com/book/show/28496807-the-millionaire-makeover
,,,,,
When Sparks Fly,Ines Bautista-Yao,https://www.goodreads.com/author/show/5359512.Ines_Bautista_Yao,4.06,68,https://goodreads.com/book/show/31370158-when-sparks-fly
,,,,,
"To All the Boys I've Loved Before (To All the Boys I've Loved Before, #1)",Jenny Han,https://www.goodreads.com/author/show/151371.Jenny_Han,4.16,447831,https://goodreads.com/book/show/15749186-to-all-the-boys-i-ve-loved-before
,,,,,
His Perfect Partner (Matched to Perfection #1),Priscilla Oliveras,https://www.goodreads.com/author/show/16322252.Priscilla_Oliveras,3.82,291,https://goodreads.com/book/show/33889426-his-perfect-partner
,,,,,
Get Lucky,Robin Covington,https://www.goodreads.com/author/show/5812874.Robin_Covington,4.24,136,https://goodreads.com/book/show/24893041-get-lucky
,,,,,
"A Kiss for Midwinter (Brothers Sinister, #1.5)",Courtney Milan,https://www.goodreads.com/author/show/2906892.Courtney_Milan,3.88,8158,https://goodreads.com/book/show/16116470-a-kiss-for-midwinter
,,,,,
"One Small Thing (One Thing, #1)",Piper Vaughn,https://www.goodreads.com/author/show/5029054.Piper_Vaughn,4.01,4624,https://goodreads.com/book/show/13186809-one-small-thing
,,,,,
"Rock Redemption (Rock Kiss, #3)",Nalini Singh,https://www.goodreads.com/author/show/71688.Nalini_Singh,4.04,6247,https://goodreads.com/book/show/26134300-rock-redemption
,,,,,
"Be My Fantasy (The Fantasy Series, #1)",Alisha Rai,https://www.goodreads.com/author/show/2987418.Alisha_Rai,3.95,230,https://goodreads.com/book/show/30043030-be-my-fantasy
,,,,,
Once Upon a Marquess (The Worth Saga #1),Courtney Milan,https://www.goodreads.com/author/show/2906892.Courtney_Milan,3.75,3634,https://goodreads.com/book/show/22817496-once-upon-a-marquess
,,,,,
The Real Deal,Alexandra Warren,https://www.goodreads.com/author/show/13435932.Alexandra_Warren,4.45,334,https://goodreads.com/book/show/29230035-the-real-deal
,,,,,
"Ignite Me (Shatter Me, #3)",Tahereh Mafi,https://www.goodreads.com/author/show/4637539.Tahereh_Mafi,4.41,129746,https://goodreads.com/book/show/13188676-ignite-me
,,,,,
"Better Off Red (Vampire Sorority Sisters, #1)",Rebekah Weatherspoon,https://www.goodreads.com/author/show/4567695.Rebekah_Weatherspoon,3.86,994,https://goodreads.com/book/show/10161265-better-off-red
,,,,,
Slave to Sensation (Psy-Changeling #1),Nalini Singh,https://www.goodreads.com/author/show/71688.Nalini_Singh,4.12,58665,https://goodreads.com/book/show/178476.Slave_to_Sensation
,,,,,
"The Red Heart of Jade (Dirk & Steele, #3)",Marjorie M. Liu,https://www.goodreads.com/author/show/35022.Marjorie_M_Liu,3.75,1742,https://goodreads.com/book/show/93480.The_Red_Heart_of_Jade
,,,,,
A Seal Upon Your Heart,Pepper Pace,https://www.goodreads.com/author/show/5409221.Pepper_Pace,4.18,629,https://goodreads.com/book/show/17284414-a-seal-upon-your-heart
,,,,,
"A Taste of Crimson (Crimson City, #2)",Marjorie M. Liu,https://www.goodreads.com/author/show/35022.Marjorie_M_Liu,3.89,1468,https://goodreads.com/book/show/93483.A_Taste_of_Crimson
,,,,,
The Other Half of Me (Soul Brothers Book 3),D.M. Mortier,https://www.goodreads.com/author/show/9844820.D_M_Mortier,4.3,148,https://goodreads.com/book/show/27265608-the-other-half-of-me
,,,,,
The Bridal Candidate 1,Linda Verji,https://www.goodreads.com/author/show/8281663.Linda_Verji,4.14,56,https://goodreads.com/book/show/28650984-the-bridal-candidate-1
,,,,,
"In the Dark of Dreams (Dirk & Steele, #10)",Marjorie M. Liu,https://www.goodreads.com/author/show/35022.Marjorie_M_Liu,3.94,1026,https://goodreads.com/book/show/7717157-in-the-dark-of-dreams
,,,,,
"A Wrong Turn Towards Love (Estill County Mountain Man, #2)",Pepper Pace,https://www.goodreads.com/author/show/5409221.Pepper_Pace,3.83,517,https://goodreads.com/book/show/21468717-a-wrong-turn-towards-love
,,,,,
"Beast Behaving Badly (Pride, #5)",Shelly Laurenston,https://www.goodreads.com/author/show/65137.Shelly_Laurenston,4.41,13769,https://goodreads.com/book/show/6972157-beast-behaving-badly
,,,,,
"Serving Pleasure (Pleasure Series, #2)",Alisha Rai,https://www.goodreads.com/author/show/2987418.Alisha_Rai,4.09,625,https://goodreads.com/book/show/25626041-serving-pleasure
,,,,,
"A Treasure of Gold (Migrations of the Heart, #3)",Piper Huguley,https://www.goodreads.com/author/show/8157342.Piper_Huguley,4.39,28,https://goodreads.com/book/show/26309952-a-treasure-of-gold
,,,,,
"The Undoing (Call of Crows, #2)",Shelly Laurenston,https://www.goodreads.com/author/show/65137.Shelly_Laurenston,4.26,5724,https://goodreads.com/book/show/25896668-the-undoing
,,,,,
"On Pointe (MacLaine Girls, #1)",Shelly Ellis,https://www.goodreads.com/author/show/6464591.Shelly_Ellis,3.81,165,https://goodreads.com/book/show/36546665-on-pointe
,,,,,
"Haven Creek (Cavanaugh Island, #3)",Rochelle Alers,https://www.goodreads.com/author/show/107119.Rochelle_Alers,3.91,398,https://goodreads.com/book/show/15789924-haven-creek
,,,,,
Songs to Get Over You,Jay E. Tria,https://www.goodreads.com/author/show/14181037.Jay_E_Tria,4.2,82,https://goodreads.com/book/show/29097251-songs-to-get-over-you
,,,,,
A Time for Loving,Nico Jaye,https://www.goodreads.com/author/show/5840673.Nico_Jaye,3.82,66,https://goodreads.com/book/show/23296072-a-time-for-loving
,,,,,
"Labyrinth of Stars (Hunter Kiss, #5)",Marjorie M. Liu,https://www.goodreads.com/author/show/35022.Marjorie_M_Liu,4.01,683,https://goodreads.com/book/show/15810845-labyrinth-of-stars
,,,,,
"Mr. Hotshot CEO (Kwan Sisters, #2)",Jackie  Lau,https://www.goodreads.com/author/show/17814757.Jackie_Lau,3.87,421,https://goodreads.com/book/show/40038614-mr-hotshot-ceo
,,,,,
Renewed (The Matawapit Family #4),Maggie Blackbird,https://www.goodreads.com/author/show/18176196.Maggie_Blackbird,5,2,https://goodreads.com/book/show/50845181-renewed
,,,,,
Black Sparkle Romance,Amara Nicole Okolo,https://www.goodreads.com/author/show/13601364.Amara_Nicole_Okolo,3.69,29,https://goodreads.com/book/show/25093192-black-sparkle-romance
,,,,,
"Silver Silence (Psy-Changeling Trinity, #1; Psy-Changeling, #16)",Nalini Singh,https://www.goodreads.com/author/show/71688.Nalini_Singh,4.27,12679,https://goodreads.com/book/show/31867358-silver-silence
,,,,,
"Dirty Laundry (Cole McGinnis, #3)",Rhys Ford,https://www.goodreads.com/author/show/4968409.Rhys_Ford,4.38,2077,https://goodreads.com/book/show/22585602-dirty-laundry
,,,,,
The Best of All Possible Worlds,Karen Lord,https://www.goodreads.com/author/show/3124999.Karen_Lord,3.59,4112,https://goodreads.com/book/show/15743440-the-best-of-all-possible-worlds
,,,,,
Wolf Girl finds necRomance,Gisele Walko,https://www.goodreads.com/author/show/14248575.Gisele_Walko,3.95,20,https://goodreads.com/book/show/27853113-wolf-girl-finds-necromance
,,,,,
Love Like Crazy (A Love & Harmony Romance #2),Crystal B. Bright,https://www.goodreads.com/author/show/9788651.Crystal_B_Bright,3.86,42,https://goodreads.com/book/show/36168933-love-like-crazy
,,,,,
"My Beautiful Enemy (The Heart of Blade Duology, #2)",Sherry Thomas,https://www.goodreads.com/author/show/266470.Sherry_Thomas,3.93,1885,https://goodreads.com/book/show/20644868-my-beautiful-enemy
,,,,,
Her Every Wish (The Worth Saga #1.5),Courtney Milan,https://www.goodreads.com/author/show/2906892.Courtney_Milan,3.8,1654,https://goodreads.com/book/show/22817504-her-every-wish
,,,,,
Don't Say No,Linda Verji,https://www.goodreads.com/author/show/8281663.Linda_Verji,3.93,68,https://goodreads.com/book/show/25725637-don-t-say-no
,,,,,
Mating the Huntress,Talia Hibbert,https://www.goodreads.com/author/show/17088554.Talia_Hibbert,3.97,1298,https://goodreads.com/book/show/42034959-mating-the-huntress
,,,,,
The Vampire and the Necromancer: An out of Sequence Love Story,Gisele Walko,https://www.goodreads.com/author/show/14248575.Gisele_Walko,4.23,22,https://goodreads.com/book/show/27850953-the-vampire-and-the-necromancer
,,,,,
"Heart of Obsidian  (Psy-Changeling, #12)",Nalini Singh,https://www.goodreads.com/author/show/71688.Nalini_Singh,4.5,20959,https://goodreads.com/book/show/15781026-heart-of-obsidian
,,,,,
"The Governess Affair (Brothers Sinister, #0.5)",Courtney Milan,https://www.goodreads.com/author/show/2906892.Courtney_Milan,3.85,14430,https://goodreads.com/book/show/13190596-the-governess-affair
,,,,,
"Archangel's Kiss (Guild Hunter, #2)",Nalini Singh,https://www.goodreads.com/author/show/71688.Nalini_Singh,4.23,48130,https://goodreads.com/book/show/6582637-archangel-s-kiss
,,,,,
"Claiming Carlos (Sanchez Sisters, #2)",Rachelle Ayala,https://www.goodreads.com/author/show/5753921.Rachelle_Ayala,4.2,54,https://goodreads.com/book/show/23118576-claiming-carlos
,,,,,
Not Broken (Firebacks #2),Linda Verji,https://www.goodreads.com/author/show/8281663.Linda_Verji,4.22,45,https://goodreads.com/book/show/23124855-not-broken
,,,,,
Josephine and the Soldier,Beverly Jenkins,https://www.goodreads.com/author/show/199260.Beverly_Jenkins,4.19,996,https://goodreads.com/book/show/1346599.Josephine_and_the_Soldier
,,,,,
Opening Act,Suleikha Snyder,https://www.goodreads.com/author/show/4667140.Suleikha_Snyder,3.54,70,https://goodreads.com/book/show/22054507-opening-act
,,,,,
Only A Kiss,Ines Bautista-Yao,https://www.goodreads.com/author/show/5359512.Ines_Bautista_Yao,3.85,232,https://goodreads.com/book/show/23705867-only-a-kiss
,,,,,
Ever After,Riley Hart,https://www.goodreads.com/author/show/7013384.Riley_Hart,3.89,1487,https://goodreads.com/book/show/38824681-ever-after
,,,,,
"Rock Courtship (Rock Kiss, #1.5)",Nalini Singh,https://www.goodreads.com/author/show/71688.Nalini_Singh,3.96,6865,https://goodreads.com/book/show/22847538-rock-courtship
,,,,,
A Taste of Love,Sifa Asani Gowon,https://www.goodreads.com/author/show/7438180.Sifa_Asani_Gowon,3.27,11,https://goodreads.com/book/show/24263554-a-taste-of-love
,,,,,
I Want To Be Yours (British Billionaires Book 1),D.M. Mortier,https://www.goodreads.com/author/show/9844820.D_M_Mortier,3.87,449,https://goodreads.com/book/show/24670457-i-want-to-be-yours
,,,,,
"Not Another Family Wedding (Chin-Williams, #1)",Jackie  Lau,https://www.goodreads.com/author/show/17814757.Jackie_Lau,3.58,250,https://goodreads.com/book/show/41188017-not-another-family-wedding
,,,,,
"Hostage to Pleasure (Psy-Changeling, #5)",Nalini Singh,https://www.goodreads.com/author/show/71688.Nalini_Singh,4.22,26024,https://goodreads.com/book/show/3115070-hostage-to-pleasure
,,,,,
Agnes Moor's Wild Knight,Alyssa Cole,https://www.goodreads.com/author/show/7790155.Alyssa_Cole,3.93,699,https://goodreads.com/book/show/23674576-agnes-moor-s-wild-knight
,,,,,
To Me I Wed (Unconventional Brides #2),K.M. Jackson,https://www.goodreads.com/author/show/6451965.K_M_Jackson,3.48,85,https://goodreads.com/book/show/31409242-to-me-i-wed
,,,,,
"Dirty Kiss (Cole McGinnis, #1)",Rhys Ford,https://www.goodreads.com/author/show/4968409.Rhys_Ford,4.02,4239,https://goodreads.com/book/show/21468448-dirty-kiss
,,,,,
"Along Came Love (Shades of Love, #2)",Tracey Livesay,https://www.goodreads.com/author/show/7789871.Tracey_Livesay,3.68,508,https://goodreads.com/book/show/28693731-along-came-love
,,,,,
When Twilight Comes,Gwynne Forster,https://www.goodreads.com/author/show/2517.Gwynne_Forster,3.82,76,https://goodreads.com/book/show/1625075.When_Twilight_Comes
,,,,,
Luck Be a Lady (Lucky in Love #2),Audra North,https://www.goodreads.com/author/show/7377144.Audra_North,3.5,12,https://goodreads.com/book/show/32861720-luck-be-a-lady
,,,,,
Sanctified (The Matawapit Family #3),Maggie Blackbird,https://www.goodreads.com/author/show/18176196.Maggie_Blackbird,4.73,11,https://goodreads.com/book/show/51570297-sanctified
,,,,,
After the Wedding (The Worth Saga #2),Courtney Milan,https://www.goodreads.com/author/show/2906892.Courtney_Milan,3.81,1701,https://goodreads.com/book/show/22817537-after-the-wedding
,,,,,
Once In A Lifetime (The Harringtons #1),Gwynne Forster,https://www.goodreads.com/author/show/2517.Gwynne_Forster,4.22,172,https://goodreads.com/book/show/115446.Once_In_A_Lifetime
,,,,,
"Hate to Want You (Forbidden Hearts, #1)",Alisha Rai,https://www.goodreads.com/author/show/2987418.Alisha_Rai,3.77,4932,https://goodreads.com/book/show/29422692-hate-to-want-you
,,,,,
Blaze of Memory (Psy-Changeling #7),Nalini Singh,https://www.goodreads.com/author/show/71688.Nalini_Singh,3.98,19583,https://goodreads.com/book/show/6353014-blaze-of-memory
,,,,,
"The Air He Breathes (Elements, #1)",Brittainy C. Cherry,https://www.goodreads.com/author/show/7121791.Brittainy_C_Cherry,4.19,46740,https://goodreads.com/book/show/25564446-the-air-he-breathes
,,,,,
Sex and Candy,Nico Jaye,https://www.goodreads.com/author/show/5840673.Nico_Jaye,3.82,117,https://goodreads.com/book/show/21248936-sex-and-candy
,,,,,
The Matchmaker's List,Sonya Lalli,https://www.goodreads.com/author/show/16831695.Sonya_Lalli,3.36,4175,https://goodreads.com/book/show/40061992-the-matchmaker-s-list
,,,,,
Perfect,Eve Vaughn,https://www.goodreads.com/author/show/3280629.Eve_Vaughn,3.85,208,https://goodreads.com/book/show/39988364-perfect
,,,,,
"Duchess by Day, Mistress by Night (Rebellious Desires #1)",Stacy Reid,https://www.goodreads.com/author/show/8076768.Stacy_Reid,4.23,566,https://goodreads.com/book/show/35998717-duchess-by-day-mistress-by-night
,,,,,
The English Patient,Michael Ondaatje,https://www.goodreads.com/author/show/4030.Michael_Ondaatje,3.88,110618,https://goodreads.com/book/show/11713.The_English_Patient
,,,,,
Belle and the Beau,Beverly Jenkins,https://www.goodreads.com/author/show/199260.Beverly_Jenkins,4.18,1066,https://goodreads.com/book/show/402056.Belle_and_the_Beau
,,,,,
Romancing the Grinch,Tamara Philip,https://www.goodreads.com/author/show/8415755.Tamara_Philip,3.85,13,https://goodreads.com/book/show/27873539-romancing-the-grinch
,,,,,
"Dirty Secret (Cole McGinnis, #2)",Rhys Ford,https://www.goodreads.com/author/show/4968409.Rhys_Ford,4.3,2317,https://goodreads.com/book/show/22067809-dirty-secret
,,,,,
Juicy,Pepper Pace,https://www.goodreads.com/author/show/5409221.Pepper_Pace,4.35,1567,https://goodreads.com/book/show/13386735-juicy
,,,,,
Autumn and Summer,Danielle Allen,https://www.goodreads.com/author/show/6523680.Danielle_Allen,3.86,113,https://goodreads.com/book/show/22380049-autumn-and-summer
,,,,,
"Rock Hard (Rock Kiss, #2)",Nalini Singh,https://www.goodreads.com/author/show/71688.Nalini_Singh,4.06,13136,https://goodreads.com/book/show/23514316-rock-hard
,,,,,
At Last,Billy London,https://www.goodreads.com/author/show/4933112.Billy_London,3.9,375,https://goodreads.com/book/show/11663898-at-last
,,,,,
"Love Me or Leave Me (The Harringtons, #3)",Gwynne Forster,https://www.goodreads.com/author/show/2517.Gwynne_Forster,4.03,115,https://goodreads.com/book/show/748943.Love_Me_or_Leave_Me
,,,,,
Secret Lovers (Soul Brothers 2),D.M. Mortier,https://www.goodreads.com/author/show/9844820.D_M_Mortier,4.3,118,https://goodreads.com/book/show/25220319-secret-lovers
,,,,,
"Ascension (Tangled Axon, #1)",Jacqueline Koyanagi,https://www.goodreads.com/author/show/7038434.Jacqueline_Koyanagi,3.57,1389,https://goodreads.com/book/show/17751274-ascension
,,,,,
"A Night of Southern Comfort (The Boys are Back in Town, #1)",Robin Covington,https://www.goodreads.com/author/show/5812874.Robin_Covington,3.93,2002,https://goodreads.com/book/show/18249860-a-night-of-southern-comfort
,,,,,
"Archangel's Consort (Guild Hunter, #3)",Nalini Singh,https://www.goodreads.com/author/show/71688.Nalini_Singh,4.24,35667,https://goodreads.com/book/show/7307503-archangel-s-consort
,,,,,
Snapdragon (Love Conquers None #1),Kilby Blades,https://www.goodreads.com/author/show/16123655.Kilby_Blades,4.43,185,https://goodreads.com/book/show/33141015-snapdragon
,,,,,
Lovers' Dance,K. Carr,https://www.goodreads.com/author/show/13954388.K_Carr,4.42,79,https://goodreads.com/book/show/25512966-lovers-dance
,,,,,
A Royal Wedding,Jeevani Charika,https://www.goodreads.com/author/show/17946460.Jeevani_Charika,3.73,232,https://goodreads.com/book/show/40093357-a-royal-wedding
,,,,,
Snow Falling,Jane Gloriana Villanueva,https://www.goodreads.com/author/show/17117037.Jane_Gloriana_Villanueva,3.34,1999,https://goodreads.com/book/show/36100763-snow-falling
,,,,,
The Throwaway Year,Pepper Pace,https://www.goodreads.com/author/show/5409221.Pepper_Pace,4.13,587,https://goodreads.com/book/show/18623230-the-throwaway-year
,,,,,
"A Hope Divided (The Loyal League, #2)",Alyssa Cole,https://www.goodreads.com/author/show/7790155.Alyssa_Cole,4.08,1752,https://goodreads.com/book/show/34570037-a-hope-divided
,,,,,
Love's Persuasion,Ola Awonubi,https://www.goodreads.com/author/show/5782079.Ola_Awonubi,3.64,22,https://goodreads.com/book/show/23874103-love-s-persuasion
,,,,,
You Out of Nowhere (Flair #1),Jay E. Tria,https://www.goodreads.com/author/show/14181037.Jay_E_Tria,4.06,63,https://goodreads.com/book/show/36516871-you-out-of-nowhere
,,,,,
A Different Kind of Blues,Gwynne Forster,https://www.goodreads.com/author/show/2517.Gwynne_Forster,4.27,49,https://goodreads.com/book/show/28691578-a-different-kind-of-blues
,,,,,
"Liliana (Liliana, #1)",Neva Squires-Rodriguez,https://www.goodreads.com/author/show/8507331.Neva_Squires_Rodriguez,3.75,60,https://goodreads.com/book/show/23118840-liliana
,,,,,
"Bite Me (Pride, #9)",Shelly Laurenston,https://www.goodreads.com/author/show/65137.Shelly_Laurenston,4.35,8685,https://goodreads.com/book/show/18167468-bite-me
,,,,,
Redeemed (The Matawapit Family #2),Maggie Blackbird,https://www.goodreads.com/author/show/18176196.Maggie_Blackbird,4.27,11,https://goodreads.com/book/show/45184589-redeemed
,,,,,
Home,K. Carr,https://www.goodreads.com/author/show/13954388.K_Carr,4.51,89,https://goodreads.com/book/show/33970552-home
,,,,,
"Wheels of Steel, Book 3 (Wheels of Steel, #3)",Pepper Pace,https://www.goodreads.com/author/show/5409221.Pepper_Pace,4.1,479,https://goodreads.com/book/show/13570727-wheels-of-steel-book-3
,,,,,
Inevitable Seductions (Inevitable #2),Christina C. Jones,https://www.goodreads.com/author/show/7465914.Christina_C_Jones,4.63,666,https://goodreads.com/book/show/28823360-inevitable-seductions
,,,,,
"Wild Invitation: A Psy-Changeling Collection (Psy-Changeling, #0.5, #3.5, #9.5, #10.5)",Nalini Singh,https://www.goodreads.com/author/show/71688.Nalini_Singh,4.32,10126,https://goodreads.com/book/show/15727959-wild-invitation
,,,,,
"The Long Hot Summer (Blackstones of Virginia, #1)",Rochelle Alers,https://www.goodreads.com/author/show/107119.Rochelle_Alers,4.3,676,https://goodreads.com/book/show/390135.The_Long_Hot_Summer
,,,,,
"Fish and Ghosts (Hellsinger, #1)",Rhys Ford,https://www.goodreads.com/author/show/4968409.Rhys_Ford,3.99,2573,https://goodreads.com/book/show/18459647-fish-and-ghosts
,,,,,
"Drawn (Terra Sempre Saga, #1)",Chris  Ledbetter,https://www.goodreads.com/author/show/6926810.Chris_Ledbetter,4.12,74,https://goodreads.com/book/show/23842764-drawn
,,,,,
A Sweet Mess,Jayci Lee,https://www.goodreads.com/author/show/19450142.Jayci_Lee,3.65,274,https://goodreads.com/book/show/51164758-a-sweet-mess
,,,,,
Chrysalis (Love Conquers None #2),Kilby Blades,https://www.goodreads.com/author/show/16123655.Kilby_Blades,4.44,93,https://goodreads.com/book/show/35075855-chrysalis
,,,,,
Different Strokes,Nico Jaye,https://www.goodreads.com/author/show/5840673.Nico_Jaye,3.35,204,https://goodreads.com/book/show/18681589-different-strokes
,,,,,
Crash,Pepper Pace,https://www.goodreads.com/author/show/5409221.Pepper_Pace,4.1,807,https://goodreads.com/book/show/13488030-crash
,,,,,
"A Dream of Stone & Shadow (Dirk & Steele, #4)",Marjorie M. Liu,https://www.goodreads.com/author/show/35022.Marjorie_M_Liu,4.06,734,https://goodreads.com/book/show/13148804-a-dream-of-stone-shadow
,,,,,
They Say Love Is Blind,Pepper Pace,https://www.goodreads.com/author/show/5409221.Pepper_Pace,4.06,1364,https://goodreads.com/book/show/15786822-they-say-love-is-blind
,,,,,
"The Sword Dancer (Lovers and Rebels, #1; Tang Dynasty, #4)",Jeannie Lin,https://www.goodreads.com/author/show/3496825.Jeannie_Lin,3.78,409,https://goodreads.com/book/show/17164160-the-sword-dancer
,,,,,
"Love On My Mind (Shades of Love, #1)",Tracey Livesay,https://www.goodreads.com/author/show/7789871.Tracey_Livesay,3.84,578,https://goodreads.com/book/show/29960337-love-on-my-mind
,,,,,
Lose Control (Firebacks #3),Linda Verji,https://www.goodreads.com/author/show/8281663.Linda_Verji,4.21,38,https://goodreads.com/book/show/23303935-lose-control
,,,,,
"The Princess Trap (Dirty British Romance, #1)",Talia Hibbert,https://www.goodreads.com/author/show/17088554.Talia_Hibbert,3.9,1378,https://goodreads.com/book/show/38336731-the-princess-trap
,,,,,
Eye of Heaven (Dirk & Steele #5),Marjorie M. Liu,https://www.goodreads.com/author/show/35022.Marjorie_M_Liu,3.89,1583,https://goodreads.com/book/show/93478.Eye_of_Heaven
,,,,,
"Yes, Chef (Sizzle & Burn, #1)",Linda Verji,https://www.goodreads.com/author/show/8281663.Linda_Verji,4.02,253,https://goodreads.com/book/show/34352480-yes-chef
,,,,,
Bring Me You (Never Over You #1; Stars On Fire #1),Ryleigh Andrews,https://www.goodreads.com/author/show/9471968.Ryleigh_Andrews,4.06,457,https://goodreads.com/book/show/23366654-bring-me-you
